AlcoholToday,Alcohol
No,0
No,0
Yes,0
No,0
,0
No,0
,0
,#NULL!
,#NULL!
No,0
No,0
No,0
No,0
,0
,#NULL!
Yes,0
No,0
No,0
,#NULL!
Yes,#NULL!
,0
Yes,0.00018
No,0
No,0
,#NULL!
No,0
,0
No,0
No,0
No,0
,0
No,0
No,0
,0
No,0
No,0
No,0
No,0
,0
No,0
No,0
,0
,0
No,0
,0
,0
No,0
,#NULL!
No,0
No,0
No,0
No,0
No,0
No,0
No,0
Yes,0
No,0
Yes,0
No,0
No,0
,0
No,0
No,0
No,0
,0
No,0
No,0
No,0
,0
No,0
Yes,0
,0
Yes,0
No,0
,#NULL!
No,0
No,0
No,0
No,0
,0
Yes,0
Yes,0
No,0
,0
No,0
No,0
No,0
No,0
No,0
,0
,0
,0
Did not answer,#NULL!
,0
Yes,0
,0
No,0
,0
No,0
,0
No,0
,0
,#NULL!
No,0
No,0
Yes,0.00013
No,0
No,0
No,0
,0
No,0
No,0.00028
,0
No,0
No,0
No,0
,0
Yes,0
No,0
Yes,0
No,0
,0
No,0
No,0
No,0
Yes,0
No,0
,0
No,0
No,0
No,0
,0
No,0
,0
No,0
,0
No,0
No,0
No,0
,#NULL!
,0
No,0
No,0
No,0
No,0
,#NULL!
No,0
Yes,0.00016
Yes,0.00034
No,0
,#NULL!
No,0
No,0
No,0
,#NULL!
No,0
No,0
No,0
,#NULL!
Yes,0.00046
,0
No,0
No,0
,0
No,0
No,0
No,0
No,0
No,0
,0
,0
,0
No,0
,0
No,0
No,0
No,0
No,0
No,0
,0
Yes,0
,0
No,0
No,0
No,0
,0
No,0
No,0
No,0
No,0
,0
No,0
No,0
Yes,0
,0
No,0
,0
No,0
,0
No,0
,0
,0
No,0
Yes,0.00016
No,0
,#NULL!
No,0
,0
No,0
No,0
,0
No,0
,0
No,0
Yes,0.00079
No,0
No,0
Yes,0.00067
,0
,0
No,0
Yes,0.00038
No,#NULL!
No,0.00014
,0
Yes,0
,0
Yes,0
,0
,0
No,0
No,0
No,0
,0
No,0
No,0
No,0
,0
,0
,0
No,0
,0
No,0
No,0
,0
,0
No,0
No,0
,0
No,0
No,0
,0
,0
,#NULL!
No,0
,0
,#NULL!
No,0
,0
No,0
No,0
No,#NULL!
Yes,0
Yes,0.00062
,0
Yes,0.00047
,0
Yes,0
,0
No,0
No,0
,0
,0
,0
No,0
No,0
Yes,0
No,0
Yes,0.00019
,#NULL!
,0
No,0
No,0
No,0
,#NULL!
No,0
Yes,0
No,0
No,0
,0
,0
,0
,0
No,0
Yes,0
Yes,0
,0
No,0
,0
,0
No,0
No,0
,0
No,0
,0
No,0
,0
Yes,0
,0
Yes,0.001
Yes,0.00034
Yes,0
No,0
,#NULL!
No,0
Yes,0
,0
,0
No,0
,0
Yes,0
,0
No,0
Yes,0.00033
,0
No,0
,0
No,0
,0
,0
,0
No,0
No,0
No,0
No,0
Yes,0
No,0
,0
Yes,0.00015
,0
,0
Yes,0.00021
Yes,0.00011
,0
No,0
,0
Yes,0.0002
,0
No,0
No,0
No,0
No,0
,0
,0
No,0
No,0
,0
No,0
,0
No,0
,0
,0
,0
,0
,0
No,0
,0
No,0
No,0
No,0
Yes,0.00027
No,0
No,0
Yes,0
,0
,0
,0
Yes,0
,0
,0
Yes,0
No,0
,0.00034
,0
,0
No,0
No,0
No,0
,0
No,0
No,0
,0
,0
No,0
No,0
No,0
No,0
No,0
,0
,0
,0
,0
,0
No,0
No,0
No,0
,0
No,0
No,0
,0
No,0
,0
No,0
No,0
,0
No,0
No,0
No,0.00034
No,0
No,0
No,0
No,0
Yes,0
Yes,0
Yes,0
No,0
No,0
No,0
Yes,0.00047
,0
,0
No,0
No,0
No,0
,0
,0
,0
No,0
Yes,0.00118
No,0
No,0
No,0
No,0
,0
No,0
,0
No,0
No,0
No,0
No,0
,0
No,0
,0
,0
No,0
No,0
No,0
,0
Yes,0
Yes,0
No,0
,0
,0
No,0
No,0
,0
No,0
No,0
,0
No,0
No,0
,#NULL!
No,0
No,0
,0
,0
No,0
No,0
No,0
,0
Yes,0.00032
No,0
No,0
No,0
No,0
No,0
No,0
,#NULL!
No,0
Yes,0.0001
Yes,0
No,0
No,0
No,0
,0
,0
No,0
No,0
No,#NULL!
,0
Yes,0.00035
No,0
No,0
,#NULL!
No,0
No,0
No,0.00015
,#NULL!
,0
,0.00072
No,0
No,0
No,0
,#NULL!
No,0
No,0
No,0
No,0
,0
No,0
,#NULL!
,0
,0
,0
,#NULL!
No,0
No,0.00017
,#NULL!
,0.00026
Yes,0
,#NULL!
No,0
Yes,0.00018
Yes,0.00089
,0
Yes,0.00137
No,0
Yes,0
No,0
No,0
,0.00141
,0
,0.00023
No,0
,0
No,0
No,0
,0
No,0
No,0
No,0
No,0
,0
,0
,0
,#NULL!
,0
No,0
No,0
No,0
No,0
,#NULL!
No,0
No,0
,0
No,0
No,0
No,0
No,0
No,0
,0
No,0
No,0
,#NULL!
,#NULL!
,#NULL!
No,0
No,0
,#NULL!
Yes,0
,0
,#NULL!
No,0
Yes,0
No,0
Yes,0
No,0
,0
No,0
,0
No,0
No,0
Yes,0.0011
No,0
No,0
No,0
,0
No,0
No,0
,0
No,0
No,0
No,0
No,0
Yes,0.00045
,#NULL!
No,0
No,0
No,0
,0
No,0
No,0
No,0
,#NULL!
,0
,0
No,0
,0
Yes,0
,#NULL!
No,0
,0
No,0
No,0
,0
No,0
No,0
,#NULL!
No,0
,0
No,0
No,0
No,0
No,0
,0
Did not answer,#NULL!
No,0
No,0
No,0
No,0
Yes,0.00116
No,0
No,0
Yes,0.00014
,0
No,0
,0
No,0
Yes,0.00018
Yes,0
,0
No,0
No,0
No,0
,0
Yes,0
No,0
Yes,0
No,0
,0
Yes,0
,0
No,0
Yes,0
No,0
No,0
,0
,0
No,0
No,0
,0
No,0
No,0
No,0
,0
No,0
,#NULL!
,0
No,0
Yes,0.00016
Yes,0.00057
,#NULL!
,0
No,0
Yes,0
No,0
,0
Yes,0
No,0
No,0
No,0
,0
Yes,0.00051
No,0
No,0
No,0
,0
No,0
No,0
,#NULL!
,0
,0
,0
No,0
Yes,0
,0
,0
,0
Yes,0.00057
,#NULL!
No,0
Yes,0.00157
Yes,0.00015
No,0
No,0
No,0
No,0
Yes,0
Yes,0
,#NULL!
Yes,0.00099
,#NULL!
No,0
,0
No,0
No,0
No,0
No,0
No,0
,#NULL!
No,0
Yes,0.0005
Yes,0
,0
,0
No,0
,#NULL!
No,0
No,0
,0
Yes,0.00029
,0
,0
No,0
,0
,0
No,0
No,0
No,0
No,0
No,0
,0
,0
,0
No,0
No,0
No,0
Yes,0.00013
,0
No,0
,#NULL!
No,0
Yes,0.00068
No,0
No,0
No,0
,#NULL!
,0
,#NULL!
No,0
No,0
No,0
,0
,0.00058
,0
No,0
,0
No,0
,0
,0
No,0
No,0
No,0
No,0
No,0
No,0
,0
No,0
No,0
No,0
No,0
No,0
No,0
,0
No,0
,#NULL!
No,0
No,0
,0
No,0
,0
No,0
No,0
No,0
No,0
No,0
No,0
No,0
,0
No,0
No,0
,0
No,0
No,0
No,0
No,0
No,0
No,0
No,0
No,0
,#NULL!
,0
Yes,0
,0
No,0
No,0
No,0
,#NULL!
,#NULL!
,0
Yes,0
,0
No,0
No,0
No,0
No,0
,0
,0
No,0
No,0
No,0
No,0
No,0
Yes,0.00013
,0
,#NULL!
No,0
,0
No,0
,0
,#NULL!
No,0
Yes,0.00066
,#NULL!
,0
Yes,#NULL!
Yes,0.0001
No,0
No,0
No,0
Yes,0
,0
,#NULL!
No,0
,#NULL!
No,0
,0
No,0.00014
No,0
,#NULL!
,0
No,0
,0
,0
No,0
,#NULL!
No,0
,0
,#NULL!
,#NULL!
No,0
No,0
,#NULL!
Yes,0.00037
No,0
No,0
,0
,#NULL!
Yes,0.00099
,0
,0
,0
Did not answer,0
,0
No,0
,0
No,0.00021
,#NULL!
No,0
Yes,0.00042
,#NULL!
,0
No,0
No,0
,#NULL!
,0
,0
No,0
,0
,0
No,0
,0
No,0
No,0
No,0
,0
No,0
,0
No,0
No,0
No,0
,0
,0
No,0
Yes,0
No,0
,0
No,0
No,0
No,0
No,0
,0
Yes,0
,0
No,0
No,0
No,0
,#NULL!
No,0
No,0
Yes,0
No,0
,#NULL!
,#NULL!
Yes,0.00105
,#NULL!
,#NULL!
No,0
No,0
No,0
No,0
,0
,0
No,0
,0
No,0
No,0
,0
,0
Yes,0
No,0
,#NULL!
No,0
No,0
Yes,0
No,0
No,0
,0
No,0
Yes,0.00025
,#NULL!
No,0
No,0
,0
No,0
,0
No,0
No,0
,0
,#NULL!
,0
,0
,#NULL!
,0
,0
,#NULL!
,0
,#NULL!
No,0
,#NULL!
,0
No,0
No,0
No,0
No,0
,#NULL!
,#NULL!
,#NULL!
,0
,0
No,0
,#NULL!
,#NULL!
No,0.00015
No,0
,0
,0
,0
,0
No,0.00103
No,0
No,0
,0
,0
,0
No,0
,0
No,0
No,0
,0
No,0
No,0
No,0
No,0
No,0
,0
,0
No,0
No,0
,0
,0
No,0
No,0
,0
No,0
Yes,0
No,0
No,0
,0
No,0
No,0.00021
No,0
,0
No,0
No,0
No,0
No,0
,0
,0
,0
,0
Yes,0.00039
,0
No,0
No,0
Yes,0.00021
No,0
No,0
,0
No,0
No,0
No,0
No,0
No,0
,0
,0
,0
No,0
No,0
No,0.00042
,0
,#NULL!
No,0
No,0
No,0
,0
No,0
No,0
No,0
No,0
No,0
No,0
No,0
,#NULL!
No,0
No,0.00067
Yes,0.00049
No,0
No,0
,0
,0
No,0
,0
Yes,0
No,0
,#NULL!
No,0
,0
No,0
,0
,0
,0
,0
,0
,0
,0
Yes,0
No,0
No,0
,#NULL!
No,0
No,0
,0
No,0.00017
Yes,0
No,0
No,0
Yes,0.0007
No,0
No,0
,#NULL!
,0
No,0.00049
No,0
,0
Yes,0
,0
No,0.00085
No,0
No,0
No,0
No,0
Yes,0
,0
No,0
No,0
No,0
No,0
,0
Yes,0
,0
,#NULL!
,0
,0
,0
,0
,0
,0
No,0
No,0
No,0
No,0
Yes,0.00139
No,0
,0
No,0
,#NULL!
Yes,0
No,0
Yes,0
Yes,0
Yes,0
,#NULL!
,#NULL!
No,0
No,0
Yes,0
Yes,0.00036
No,0
,#NULL!
No,0
,#NULL!
,#NULL!
No,0
No,0
,0
,#NULL!
,0
,0
No,0
,0
No,0
,#NULL!
,0
No,0
No,0
,0
No,0
No,0
,#NULL!
No,0
No,0
,#NULL!
,#NULL!
,#NULL!
,0
,#NULL!
Yes,0
,0
,0
,0
No,0
No,0
,0
No,0
,#NULL!
No,0
No,0
,#NULL!
,#NULL!
,0
No,0
,0
No,0.00029
,#NULL!
,#NULL!
,#NULL!
,#NULL!
,#NULL!
,#NULL!
,0
Yes,0.0001
Yes,0.00078
No,0
No,0
,0
No,0
No,0
No,0
No,0
No,0
No,0
,0
No,0
No,0
No,0
No,0
No,0
No,0
,0
No,0
No,#NULL!
No,0
No,0
,0
No,0
,#NULL!
,0
,0
No,0
No,0
No,0
Yes,0.00043
No,0
,#NULL!
,#NULL!
No,0
Yes,0.00169
,#NULL!
,0
,0
,0
,0
No,0
No,0
,#NULL!
,0
No,0
No,0
Yes,0
No,0
,0
,0
,0
,0
,0
,0
No,0
No,0
,0
,0
No,0
No,0
No,0
No,0
Yes,0
No,0
No,0
No,0
,0
,0
,0
,0
,0
No,0
,0
Yes,0.00094
,0
,#NULL!
No,0
No,0
,#NULL!
,#NULL!
,#NULL!
,#NULL!
No,0
No,0
No,0
,0
,0
Yes,#NULL!
,0
,#NULL!
No,0
No,0
No,0
No,0
Yes,0
,0.00014
Yes,0.00032
No,0
,#NULL!
No,0
,0.00037
,0
,#NULL!
No,0
Yes,0.00041
,0
No,#NULL!
,#NULL!
,#NULL!
,#NULL!
No,0
No,0
,0
,0
No,0
No,0
,0
No,0
,#NULL!
No,0
No,0
,0
No,0
Yes,0.0003
,0
No,0
No,0
,0
No,0
,0
Yes,0
Yes,0.00042
Yes,0
Yes,0.00028
,0
,0
No,0
No,0
No,0
No,0
No,0
No,0
Yes,0
No,0
Yes,0
No,0
No,0
Yes,#NULL!
No,0
No,0
No,0
,0
No,0
No,0
No,0
,0
No,0
,#NULL!
,0
,#NULL!
,0
No,0
,#NULL!
,0
Yes,0
Yes,0
No,0
No,0
,0
No,0
No,0
No,0
,0
,0
,0
No,0
,0
,0
No,0
No,0
,#NULL!
No,0
No,0
,0
No,0.00015
,0
No,0
No,0
No,0
,0
,#NULL!
No,0
,0
No,0
,#NULL!
,0
No,0
No,0
No,0
,#NULL!
,#NULL!
,0
,0
No,0
No,0
,#NULL!
No,0
No,0
No,0
No,0
Yes,0.00067
Yes,0
,#NULL!
Yes,0
No,0
,0
No,0
Yes,0
,0
,0
,0
,0
,0
No,0
No,0
,#NULL!
No,0
No,0
No,0
,0
No,0
No,0
,0
,0
No,0
,0
,0
No,0
,0
,#NULL!
No,0
Yes,0
,0
No,0
,0
,0
No,0
,0
No,0
No,0
No,0
No,0
No,0
,0
,#NULL!
No,0
,0
,0
,#NULL!
No,0
No,0
No,0
No,0
,0
,0
No,0
,0
,0
,0
No,0
,0
No,0
,#NULL!
No,0
No,0
No,0
,#NULL!
,0
No,0
,0
No,0
No,0
Yes,0
No,0
,0
No,0
No,0
Yes,0
Yes,0.00012
Yes,0
No,0
,0
,#NULL!
,0
,0
Yes,0
,0
,0
,#NULL!
No,0
No,0
,0
No,0
No,0
,0
No,0
No,0
,0
No,0
,#NULL!
,0
,0
,0
No,0
No,0
,0
No,0
,0.00032
,#NULL!
,#NULL!
No,0
,#NULL!
No,0
,0
Yes,0.00025
No,0
Yes,0.0006
,#NULL!
No,0
,#NULL!
No,0
,#NULL!
,#NULL!
,0
,0
No,0
No,0
No,0
No,0
,0
No,0
No,0
No,0
,0
No,0
Yes,0
No,0
,#NULL!
,0
,0
,0
Yes,0.00044
No,0
,0.00086
No,0
No,0
No,0
,0
No,0
Yes,#NULL!
,0.00019
Yes,0.00032
,#NULL!
No,0
,0
,#NULL!
,#NULL!
Yes,0
,0
,0.00017
No,0
,0
,0
,#NULL!
,0
,0
,0
,0
,0
,0
No,0
,0
,0
No,0
,0
No,0
No,0
,0
,0
No,0
,0
No,0
No,0
No,0
No,0.00014
No,0
No,0
No,#NULL!
No,0
,0
No,0
,#NULL!
,0
,0
No,0
No,0
Yes,0
,#NULL!
No,0
,0
,0
,0
,0
No,0
,0
,0
No,0
,#NULL!
,0
No,0
,0.00081
No,0
No,0
No,0
,#NULL!
No,0
No,0
No,0
No,0
Yes,0.0005
No,0.00049
,0
,0
No,0
,0
,0
Did not answer,#NULL!
No,0
,0
No,0
No,0
,0
No,0
,0
No,0
,0
No,0
,0
,0
,0
,0
No,0
No,0
Yes,0
,0
,0
,0
,#NULL!
,0
No,0
,0
No,0
,0
,0
,0
,0
,0
,0
,0
,#NULL!
,#NULL!
No,0.00117
No,0
No,0
No,0
No,0
,0
No,0
No,0
No,0
Yes,0
No,0
No,0
No,0
Yes,0.0005
Yes,0.00047
,0
Yes,0
,#NULL!
No,0
No,0
,0
No,0
,0
,0
No,0
,0
,0
No,0
No,0
,0
,0
,0
,0.00014
,0
,0
,0
,0
No,0
No,0
No,0
No,0
No,0
,0
,#NULL!
,0
,0
,#NULL!
,0
No,0
,0
No,0
No,0
,0
,0
No,0
No,0
,0
,0.00027
,#NULL!
No,0
,#NULL!
,0
No,0
No,0
,0
,0
,#NULL!
,0.00049
,0
,0
,0
No,0
Yes,0.00108
,0
No,0
,#NULL!
No,0
,#NULL!
,#NULL!
,0
No,0
No,0
,0
No,0
No,0
No,0
,0.00011
,#NULL!
,#NULL!
,#NULL!
No,0
,#NULL!
,0
,#NULL!
Yes,0
,0
No,0
No,0
,0
No,0
No,0
No,0
No,0
No,#NULL!
No,0
,0
No,0
No,0.0002
Yes,0.00029
No,0
,0
No,0
No,0
No,0
,#NULL!
No,#NULL!
,#NULL!
No,0
No,0
,#NULL!
No,0
No,0
,0
,0
No,0
No,0.00016
No,0
,0
,0
,0
No,0
No,0
,#NULL!
,0
No,#NULL!
,0.00058
Yes,0.00018
Yes,0
,#NULL!
Yes,0.0009
Yes,0
No,0
Yes,0
,#NULL!
,0
Yes,0.00016
,#NULL!
,#NULL!
,#NULL!
,#NULL!
,0
,#NULL!
No,0
Yes,0.00012
Yes,0
,#NULL!
No,0
No,0
No,0
No,0
No,0
No,0
No,0
No,0
No,0
Yes,0.00025
,0
,0
No,0
No,0
,0
,0
,0
,0
No,0
,0
No,0
No,#NULL!
No,0
,0
Yes,#NULL!
Yes,#NULL!
No,0
No,0
,0
No,0
,0
No,0
Yes,0
No,0
No,0
,0.00143
No,0
No,0
Yes,0
No,0.00154
No,0
,0
No,0
,0
No,0
Yes,0
,0
,#NULL!
No,0.00034
Yes,0
,0
No,0
No,0
,0
No,0
No,0
,0
,0
No,0
No,0
No,#NULL!
No,0
No,0
Yes,0
No,0
,#NULL!
,0
,0
,#NULL!
No,0
,#NULL!
,#NULL!
,0
,#NULL!
,#NULL!
,#NULL!
No,0
No,0
,#NULL!
,#NULL!
,#NULL!
,#NULL!
No,0
,0
,0
No,0
,0
,#NULL!
,0
,0
,#NULL!
No,0
No,0
,#NULL!
No,#NULL!
Yes,0
,#NULL!
,#NULL!
,#NULL!
No,0
,#NULL!
No,0
,#NULL!
,#NULL!
,#NULL!
No,0
No,#NULL!
,0
,0
No,0
,0
,0
No,0
,0
No,0
,0
Yes,0
No,0
,0
No,0
,0
No,0
No,0
No,0
No,0
,0
,0
,0
No,0
,0
,0
No,0
,0
,0
,0
No,0
,#NULL!
,#NULL!
No,0
No,0
No,0
No,0
No,0
,0
,0.00011
No,0
,#NULL!
No,0
No,0
Yes,0.00065
Yes,0.00019
No,0
No,0
No,#NULL!
No,#NULL!
No,0
No,0
No,0
No,0
Yes,0.00032
No,0
No,0
Yes,0
No,#NULL!
Yes,0
No,0
Yes,#NULL!
No,0
No,0
No,0
,0
,#NULL!
,0
,#NULL!
No,0
,0
No,0
,0
,#NULL!
,#NULL!
No,0
,0
,#NULL!
,0
,#NULL!
,#NULL!
No,0
Yes,#NULL!
,#NULL!
Yes,0
,0
No,0
,0
No,0
,0
,0
No,0
,0
No,0
No,0
,#NULL!
,0
No,0
,0
No,0
,0
No,0
,0
,0
,0
No,0
,#NULL!
No,0
,0
No,0
No,0
No,0
,0
No,0.00023
No,0
,0
,0
,0
,0
No,0
,0
No,0
No,0
No,0
No,0
,0
,0
,0
Yes,0
,0
No,0
,0
No,0
,0
,0
Yes,0.00098
Yes,0
,#NULL!
No,0
,0.00011
,0
,0
Yes,0
No,0
No,0
,0
,0
,0
,0
,0
,0
No,0
No,0
No,0
,0.00045
No,0
Yes,0.00013
,0
No,0
,0
Yes,0.00067
,0
No,0.00037
Yes,0.00074
No,0
,0
No,0
,#NULL!
No,0
,0
,0
,0
No,0
No,0
,0
No,0
Yes,0
,0
No,0
No,0
No,0
No,0
,0
No,0
,0
,0
No,0
No,0
No,0
No,0
No,0
No,0
No,0
No,0
No,0
No,0
Yes,0
Yes,0.00014
No,0.00071
No,0
,0
No,0.0002
No,0
No,0
Yes,0
,0
,#NULL!
,0
Yes,0
Yes,0.00038
No,0
,0
No,0
No,0
No,0
,0
,0
,0
No,0
No,0
,0
,0
No,0
No,0
No,0
No,0
No,0
,0
No,0
Yes,0
Yes,0.00011
,#NULL!
,0
,0
No,0
,0
,0
,0
Yes,0.00013
No,0
No,0
No,0
Yes,0
,#NULL!
No,0.00088
No,0
No,0
No,0
No,0
,#NULL!
,#NULL!
No,0
,0
No,0
Yes,0
No,0
No,0
No,0
No,0
,0
No,0
,#NULL!
,0
,0
No,0
,#NULL!
,#NULL!
No,0
,#NULL!
,#NULL!
,#NULL!
,#NULL!
,0
No,0
,0
,0
No,0
,0
No,0
,0
,0
No,0
,0
No,0
No,0
,#NULL!
No,0
No,0
Yes,0
No,0
,#NULL!
No,0
No,0
No,0
,0
,0
No,0
No,0
,0
No,0
,0
Yes,0
No,0
,0
,0
No,0
No,0
No,0
,0
,0
,0
No,0
No,0
No,0
No,0
No,0
Yes,0
No,0
,0
Yes,0
Yes,0
No,0
No,0
No,0
No,0
Yes,0
,0
,0
No,0
No,0
No,0
,0
No,0
No,0
No,0
No,0
No,0
No,0
,0
No,0
,0
,0
,0
No,0
,0
No,0
,0
No,0
,#NULL!
No,0
,0
,#NULL!
No,0
,0
,0
,#NULL!
No,0
No,0
,#NULL!
,0
No,0.0018
No,0
,0
,0
No,0
,0
,#NULL!
No,0
,0.0007
No,0
Yes,0.00047
No,0
,0
No,0
,0
,#NULL!
,0
No,0
,#NULL!
No,0
No,0
No,0
No,0
,0
,0
No,0
No,0
No,0
,0
,#NULL!
No,0
,#NULL!
,#NULL!
Yes,0
No,0
,0
No,0
No,0
No,0
,#NULL!
,#NULL!
No,0
,#NULL!
,#NULL!
,0
Yes,0
Yes,0
No,0
No,0
No,0
,#NULL!
No,0
No,0.00029
,#NULL!
Yes,0.00146
No,0
,#NULL!
No,0
,0
,0
,0
No,0
,0
,0
,#NULL!
,0
,0
Yes,0.00015
Yes,0
,0
,0
,0
,0
No,0
No,0
,#NULL!
No,0
Yes,0
,0
,0
No,0
No,0
,#NULL!
No,0.00189
No,0.00197
,0
,0
,#NULL!
,0.00046
,0
,0
,#NULL!
No,0
,#NULL!
No,0
,0
,0
,#NULL!
,0
No,0
,#NULL!
,0
,0
,#NULL!
,0
,0
,0
No,0
No,0
,#NULL!
,#NULL!
No,0
,#NULL!
,#NULL!
,#NULL!
,0
Yes,0
No,0
No,0
No,#NULL!
,0
,0
,0
No,0
,0
No,0
,0
No,0
No,0
No,0
No,0
No,0
,0
No,0
Yes,0.00026
,0
Yes,0
No,0
Yes,0
,0
,#NULL!
,0
,0
No,0
No,0
No,0
,0
No,0
No,0
,0
,0
No,0
Yes,0
,0
No,0
No,0
No,0
,0
,0
,0
No,0
No,0
,0
,0
,#NULL!
,0
,0
,0
No,0
,0
Yes,0
,0
Yes,0
No,0
No,0
No,0
No,0
,0
,#NULL!
,0
No,0
No,0
,0
No,0
,0
No,0
,0
No,0
,0
,#NULL!
,0
No,0
,0
No,0
No,0
,0
No,0.00012
,#NULL!
,0
Yes,0.00028
No,0
,0
,0
No,0
,0
No,0
,0
No,0
,0
Yes,0
No,0
,#NULL!
,0
No,0
No,0
,0.00017
No,0
,#NULL!
,0
No,0
No,0
Yes,0.00017
No,0
,0
Yes,0.00023
Yes,0
No,0
Yes,0.00068
,0
Yes,#NULL!
No,0
No,0
,0
,#NULL!
,#NULL!
No,0
No,0
No,0
No,0
No,0
,0
,0
No,0
No,0
,0
No,0
,0
,0
No,0
,0
,0.00065
,#NULL!
,#NULL!
,0
,0
No,0
,#NULL!
,0
,0
,0
No,0
No,0
No,0
,#NULL!
No,0
,#NULL!
,0
No,0
No,0
No,0
,0
No,0
No,0
,0
No,0
No,0
Yes,0
No,0
,0
,0.0001
No,0
No,0
No,0
,0
No,0
,#NULL!
No,0
No,0
No,0
,0
No,0
No,0
,0
No,0
Yes,0
Yes,0
No,0
No,0
No,0
,0
No,0
,0
,0
,0
,#NULL!
No,0
,0
,0
Yes,0
No,0
,0
Yes,0
,0
No,0
No,0
,0
No,0
No,0
,0
,0
No,0
No,0
Yes,0
No,0
No,0
,#NULL!
,#NULL!
No,0
Yes,0
Yes,0.00103
,0
No,0
,0
,0
No,0
,0
,0
,0
,0
,0
No,0
No,0
,0
No,0
No,0
,#NULL!
,0
Yes,0
,0
,#NULL!
No,0
No,#NULL!
,0
,0
Yes,0
No,0
,0
,0
,0
,0
,0
No,0
Yes,#NULL!
No,0.00107
No,0
No,0
,0
,0
,0
No,0
No,0
No,0
No,0
No,0
,0
No,0
,0
No,0
Yes,0
Yes,0
,#NULL!
No,0
No,0
No,0
No,0
,#NULL!
No,0
Yes,0.00012
No,0
,0
,0
No,0
,0
No,0
No,0
,0
No,0
No,0
No,0
,#NULL!
,#NULL!
,#NULL!
,0
No,0
No,0
No,0
,#NULL!
Yes,0
No,0
,0
,#NULL!
,#NULL!
No,0
No,0
No,0
No,#NULL!
No,0
,#NULL!
,0
No,0
,#NULL!
,0.00043
,#NULL!
Yes,0
,#NULL!
,0
No,0
,#NULL!
,#NULL!
No,0
No,0
No,0
No,0
No,0
,0
,0
,0
No,0
,#NULL!
,0
No,0
No,0
,0
,0
No,0
No,0
,0
,0
,0
No,0
,0
,0
No,0
No,0
,0
,0
,0
No,0
,0
No,0
No,0
,0
No,0
No,0
,#NULL!
No,0
Yes,0
No,0
No,0
Yes,0
No,0
No,0
No,0
Yes,0
No,0
,0
,#NULL!
No,0
No,0
No,0
,0
No,0
No,0
No,0
No,0
No,0
No,0
No,0
No,0
No,0
No,0
No,0
No,0
No,0.0003
No,0
,0
No,0
No,0
No,0
,#NULL!
No,0
Yes,0
No,0
,#NULL!
,#NULL!
No,0
Yes,0.00033
No,0
,0
No,0
,#NULL!
No,0
No,0
,0
,0
,#NULL!
No,0
No,0
Yes,0.00037
No,0
,0
,0
,0
No,0
No,0
No,0
No,0
No,0
,#NULL!
,0
No,0
,#NULL!
,0
,0
,#NULL!
No,0
,#NULL!
Yes,0.00026
Yes,0
,0
,0.00036
,0
,#NULL!
,#NULL!
Yes,0
No,0
,#NULL!
No,0
,#NULL!
Yes,#NULL!
No,0
,0
No,0
No,0
No,0
,0
,0
,0
,0.00034
,0.00076
,#NULL!
,0
,#NULL!
,0
,0
,#NULL!
,0.00055
,0
No,0
Yes,0.00051
,0
,#NULL!
No,0
,0
No,0
No,0
,#NULL!
,0
,0
,0
,0
No,0
,#NULL!
No,0
,0
No,0
No,0
,#NULL!
,0
,#NULL!
,0.00021
,#NULL!
No,0
,0.00052
Yes,0
,#NULL!
No,0
,#NULL!
,#NULL!
,#NULL!
,0
,0
No,0
,0
,0
,0
,0
No,0
No,0
No,0
,0
No,0
,0.00069
Yes,0
,#NULL!
No,0
,0
,#NULL!
,0
,0.00018
,0
,0
Yes,0
,0
,0.00018
,0
,#NULL!
,0
,#NULL!
,0
,0
No,0
,#NULL!
,#NULL!
,#NULL!
No,0
,0
,#NULL!
,0
,0
,0
,0
,0
No,0
,0
No,0
No,0
,0
,0
No,0
No,0
,0
No,0
,0
,0
,0
,0
,0
,0
,0
Yes,0
,0
Yes,0
No,0
No,0
,0
No,0
No,0
,#NULL!
No,0
,0
No,0
No,0
,0
No,0
,0
,0
,#NULL!
No,0
,0
,0
,0
,#NULL!
No,0
,0
,0
No,0
,#NULL!
No,0
,#NULL!
,0
No,0
,0
No,0
,#NULL!
,0
,0
No,0
,0
,#NULL!
,#NULL!
No,0
,#NULL!
No,0
,0
,0
,0.00115
,#NULL!
No,0
,0
,0
,0
,0
,0
No,0
No,0
Yes,0
No,0
,0
,0
No,0
,0
,0
,0
Yes,0
No,0
,0
,0
No,0
,0
No,0
,0
No,0
,0
,0
No,0
Yes,0
Yes,0
,#NULL!
,0
No,0
,0
No,0
,0
,0
,0
No,0
No,0
,0
,0
No,0
,#NULL!
,0
Yes,0.00025
,0
No,0
No,0
No,0
No,0
No,0
No,0
No,0
No,0
,0
Yes,0
,0
,0
Yes,#NULL!
No,0
No,0
No,0
,0
,0
,0
Did not answer,0
,0
,0
,#NULL!
,0.00011
,#NULL!
Yes,0
No,0
,0
No,0
No,#NULL!
No,0
No,0
,0
No,0
,0
,#NULL!
,#NULL!
,0
No,0
No,0
No,0
No,0
No,0
,#NULL!
,0
No,0
No,0
No,0
No,0
,0
No,0
Yes,0
Yes,0
,0
,#NULL!
,0
,0
No,0.00011
,0
No,0
No,0
,0
No,0
,0
No,0
No,0
No,0
No,0.00105
No,0
No,0
No,0
,0
No,0
,#NULL!
No,0
,0
,0
No,0
,0
,0
No,0
,0
,0.00032
,0
Yes,0.00148
No,0
,0
Yes,0
No,0
Yes,0.00092
,#NULL!
Yes,0.00065
No,0
,0
,0
,0
Yes,0.00029
,#NULL!
,#NULL!
,#NULL!
No,0
Yes,0
,#NULL!
,#NULL!
,0
No,0
No,#NULL!
,0
No,0
,0
No,0
,#NULL!
,0
,0
,0
,0
,#NULL!
,0
,0
No,0
,#NULL!
,#NULL!
No,0
,#NULL!
,0
No,0
,#NULL!
No,0
No,0
,#NULL!
,0
No,0
,#NULL!
No,0
,0
,#NULL!
,0
,0
,#NULL!
No,0
No,0
No,0
,#NULL!
,#NULL!
No,0
,0
,#NULL!
Yes,0
,#NULL!
,#NULL!
No,0
No,0
No,0
,#NULL!
,0
,0
,#NULL!
No,0
,0
No,0
No,0
Yes,0
Yes,0
,#NULL!
No,0
No,0
No,0
No,0
No,#NULL!
No,0
,#NULL!
No,0
No,0
No,0
,0
No,0
,0
,0
,0
,0
No,0
,0
Yes,0
,0
,#NULL!
,#NULL!
,0
,#NULL!
,0
No,0
,0
No,0
,0
,0
No,0
No,0
No,0
No,#NULL!
,0
,0
No,0
No,0
No,0
No,0
No,0
No,0
,0
No,0
No,0
Yes,0.00016
No,0
,0
No,0
,0
No,0
,0
No,0
Yes,0
No,0
,0
,0
Yes,0.00016
Yes,0
No,0
,0
,0
No,0
Yes,0.00028
Yes,0
No,0
,0
,0
No,0
No,0
No,0
No,0
,0
No,0
,#NULL!
,0
No,0
No,0
,0
No,0
,0
No,0
,0
No,0
No,0.00146
,0
No,0
No,0
No,0
No,0
No,0
,0
No,0
No,0
Yes,0.00038
,#NULL!
No,0
No,0
No,0
,0
,#NULL!
No,0
No,0
No,0
No,0
No,0
,0
No,0
No,0
No,0
No,0
No,0
No,0
,0
No,0
,0
Yes,0
,#NULL!
No,0
No,0
No,0
,0
Yes,0
No,0
,0
,0
No,0
No,0
Yes,0
Yes,0
Yes,0
No,0
No,0
No,0
No,0
No,0
,0
No,0
No,0
No,0
No,0
No,0
Yes,0
No,0
,0
Yes,0
Yes,0
No,0
No,0.00019
,0
,0
No,0
,0
No,0
No,0
No,0
No,0
,0
Yes,0.00052
Yes,0
No,0
,0
No,0
,0
No,0
No,0
,0
,0
Yes,0
No,0
,#NULL!
No,0
,0
No,0
,0
No,0
No,0
,#NULL!
,0
No,0
,0
,0
Yes,0
No,0
,0
,#NULL!
,#NULL!
No,0
,0
No,#NULL!
,0
,0
Yes,0.00076
Yes,0
,0
Yes,0
No,0
No,0
No,0
No,0
,0
,0
,0
,0
,0
,#NULL!
,#NULL!
No,0
,0
,0
No,0
,0
,0
,#NULL!
No,0
No,0
,0
No,0
,0
No,0
,0
,0
,#NULL!
,0
,0
No,0
,0
No,0
No,0
Yes,0
No,0
No,0
,#NULL!
,0
,0
Yes,0
,0
,0
No,0
,0
,0
,0
,0.00151
No,0
No,0
No,0
,0
Yes,0.00048
,0
No,0
,0
Yes,0.00019
,0
No,0.00046
,0
,0
,0
,0.00054
No,0
,#NULL!
No,0
,0.00078
,0
,0
No,0
,0
No,0
,#NULL!
Yes,#NULL!
No,0
,0.00033
Yes,0
No,0
Yes,0
,0
No,0
,0
,0
No,0
No,0
,0
,#NULL!
Yes,0.00092
,0
,#NULL!
Yes,0
No,0
No,0
,0
,#NULL!
,0
No,0
No,0
Yes,0
No,0
,0
,0
No,0
,0
,#NULL!
,#NULL!
Yes,0
Yes,0
,0
,#NULL!
,0
,0
,#NULL!
No,0
,0
No,0
,0
,#NULL!
,0
No,0
No,0
,0
,0
Yes,0.00012
,0
,#NULL!
,0
,0
Yes,0
,0
No,0
No,0
,0
No,0
,0
Yes,0
No,0
Yes,#NULL!
,#NULL!
,#NULL!
No,#NULL!
No,0
No,0.00096
,0
,0
No,0
,0
,0
No,0
,#NULL!
No,0
,0
,0
,0
No,0
Yes,0
,0
No,0
Yes,0.00066
,#NULL!
,0
,0
,0
,0
,0
,0
No,0
,#NULL!
No,0
,0
,0
,#NULL!
,#NULL!
No,0
No,0
Yes,0.00055
No,0
Yes,0
,#NULL!
,#NULL!
,0
No,0
,0
,#NULL!
,0
,0
No,0
No,0
,0
No,0
,0
,0
,#NULL!
No,0
No,0
No,0
,0
No,0
No,0
,0
No,0
,0
No,0
,0
,0
,0
No,0
,0
,0
,0
No,0
No,0
No,0
,#NULL!
,0
No,0
,0
,0
,#NULL!
No,0
,0
No,0
,#NULL!
,0
,0
,0
,0
,0
,0
No,0
,0
,0
No,0
,0
No,0
No,0
,0
No,0
,0
No,0
No,0
No,0
,0
,0
No,0
No,0.0002
No,0
No,0
No,0
No,0
No,0
Yes,0.00029
,#NULL!
,0
,0
,0
No,0
No,0
,0
No,0
No,0
No,0
No,0
,0
,0
No,0
No,0
,0
,0
,0
,#NULL!
No,0
No,0
No,0
,0
,0
No,0
No,0
,0
,0
No,0
No,0
No,0
No,0
No,0
No,0
,#NULL!
No,0
,0
No,0
No,0
No,0
,#NULL!
,0
No,0
,0
,0
,#NULL!
No,0
Yes,0.00056
No,0
No,0
,0
No,0
,0
,0
No,0
,0
,0
,0
,0
,0
No,0
,0
,#NULL!
No,0
,0
No,0
,0
No,0
,0
No,0
,0
No,0
,0
No,0
,#NULL!
No,0
,#NULL!
No,0
,0
,#NULL!
No,0
,0
No,0
,#NULL!
No,0
No,0
No,0
No,0
No,0
No,0
No,0
,0
No,0
,0
,0
,0
,0
,#NULL!
No,0
No,0
Yes,0
No,0
No,0
No,0
No,0
No,0
No,0
,#NULL!
No,0
,0
No,0
Yes,0
No,0
No,0
No,0
,0
,0
,0
,#NULL!
No,0
Yes,0
,0
Yes,0
Yes,0
,#NULL!
No,0
No,0
,0
,0
,0
,0
No,0
,0
No,0
No,0
,0
,0
No,0
No,0
,0
Yes,0.00011
No,0
No,0
No,0
No,0
No,0
No,0
No,0
No,0
No,0
,0
Yes,0
Yes,0
No,0
No,0
,0
Yes,0
,#NULL!
,#NULL!
No,0
No,0
No,0
,0
No,0
,0
No,0
No,0
,#NULL!
,0
No,0
,0
No,0
Yes,0.00121
,0
,#NULL!
Yes,0.00093
,#NULL!
Yes,0
,0
,0
,0
No,0
,0
,0
No,0
No,0
,#NULL!
,0
,#NULL!
Yes,0
,#NULL!
,0
,0
Yes,#NULL!
No,0
,0
,0
No,0.00015
,#NULL!
No,0
,0
,#NULL!
No,0
,0
Yes,0
No,0
,0
,0
,#NULL!
No,0
,#NULL!
No,0
,#NULL!
,#NULL!
Yes,0
No,0
,0
No,0
,#NULL!
Yes,0
Yes,0
,#NULL!
,0
No,0
,0
No,0
No,0
,#NULL!
,0
No,0
,0
,0
,0
No,0
,0
,0
,#NULL!
No,0
,#NULL!
No,0
,0
,0
,#NULL!
No,0
,#NULL!
No,0
No,0
,0
No,0
Yes,0
No,0.00017
No,0
,0
No,0
,0
,#NULL!
No,0
No,0
,0
,0
No,0
No,0
,#NULL!
,0
No,0
,0
No,0
,#NULL!
No,0
,#NULL!
,0
No,0
,0
No,0
,0
No,0
No,0.00076
No,0
,0
No,0
,0
No,0
,0
No,0
,0
,0
No,0
,0
No,0
Yes,0
No,0
No,0
No,0
Yes,0
Yes,#NULL!
No,0
No,0
No,0
,0
No,0
No,0
No,0
No,0
Yes,0.00032
Yes,#NULL!
No,0
No,0
No,0
No,0
No,0
,0
No,0
,#NULL!
,0
No,0
Yes,0
,#NULL!
No,0
No,0
,0
,0
Yes,0
,0
,#NULL!
,0.0001
,0
,0
Yes,0.00062
,0
,0
,0
,0
,0
No,0
No,0
No,0
,0.00019
,#NULL!
No,0
,0
,#NULL!
,0
,#NULL!
No,0
,#NULL!
No,0
,#NULL!
,#NULL!
No,0
No,0
,0
,#NULL!
,0
,#NULL!
,0
,0
No,0
,0
,0
No,0.00015
,0
No,0
,0
No,0
,0
No,0
No,0
,#NULL!
,0
No,0
No,0
No,0
No,0
,0
Yes,0
,0
,0
No,0
Yes,0
,0
Yes,0
No,0
,0
No,0
No,0
Yes,0
,#NULL!
Yes,0
,0
Yes,0
Yes,0
No,0
,0
No,0
,0
No,0
,0
No,0
No,0
No,0
No,0
,#NULL!
No,0
No,0
,0
,0
,0
,#NULL!
No,0
,0.0004
No,0
Yes,0.00081
,#NULL!
,#NULL!
,#NULL!
,0
No,0
No,0
No,0
,#NULL!
,0
,#NULL!
No,0
No,0
No,0
,#NULL!
Yes,0
,0
Yes,0
Yes,#NULL!
No,0
No,0
,0
Yes,0
No,0
,0
,0
Yes,0
,#NULL!
,#NULL!
Yes,0.00129
,#NULL!
No,0
,0
,#NULL!
,#NULL!
No,0
,#NULL!
No,0
No,0
No,0
No,0
No,0
No,0
No,0
,#NULL!
,#NULL!
,0
,#NULL!
Yes,0
Yes,0.00043
,#NULL!
,#NULL!
Yes,0.00015
No,0
,#NULL!
,#NULL!
,0
No,0
,#NULL!
,0
Yes,0.00041
Yes,0
,#NULL!
No,0
No,#NULL!
,#NULL!
,#NULL!
Yes,0
,0.00023
,#NULL!
No,0
No,0
No,0
No,0
,0
No,0
,#NULL!
,0
,0
No,0
,0.0003
,0
,0
No,0
No,0
,0
,#NULL!
No,0
,0
,0
,0
No,0
No,0
,0
,0
,#NULL!
,0
,#NULL!
,#NULL!
Yes,0.00027
No,0
Yes,0
No,0
No,0
Yes,0
No,0
,#NULL!
No,0
No,0
No,0
,0
,0
Yes,0
No,0
,0.00015
No,0
,#NULL!
,0.00113
No,0
No,0
No,0
No,0
,0
Yes,#NULL!
Yes,0.00015
Yes,0
,#NULL!
No,0
No,0
,#NULL!
,0
,#NULL!
,0
,0
No,0
,0
No,0
,#NULL!
No,0
,#NULL!
No,0
No,0
No,0
No,0
No,0
,0
,0
,#NULL!
,0
No,0
Yes,0.00042
No,0
,#NULL!
No,0
No,0
,#NULL!
,#NULL!
,0.00016
,#NULL!
,#NULL!
,0
No,0
No,0
No,0
No,0
No,0
,0
No,0
,#NULL!
,0
Yes,0
,0
Yes,0.00054
No,0
No,0
,#NULL!
,#NULL!
No,0
No,0
,#NULL!
No,0
No,0
,#NULL!
Yes,0
,0
No,0
No,0
,#NULL!
,#NULL!
Yes,0
,0
No,0
No,0
Yes,0
No,0
No,0
No,0
No,0
,0
No,0
,0
No,0
No,0
No,0
No,0
No,0.00023
No,0
No,0
,0
No,0
Yes,0.00031
,0
Yes,0
,0
No,0
No,0
No,0
No,0
No,0
No,0
No,0
No,0
,0
No,0
No,0
,0
,0
No,0
,#NULL!
No,0
,0
No,0
No,0
No,0
No,0
No,0
No,0
No,0
No,0
No,0
No,0
,0
,0
Yes,0.00015
No,0
No,0
Yes,0
,0
,0
No,0
No,0
,0
No,0
No,0
,#NULL!
Yes,0
No,0
Yes,0
,0
,#NULL!
No,0
No,0
No,0
No,0
,0
No,0
,0
No,0
No,0
No,0
No,0
,0
,0
,0
,0
,#NULL!
,0
,0.00128
Yes,0.00022
,0
,#NULL!
,0.00102
No,0
,0
,0
No,0
,#NULL!
,0
No,0
Yes,0.00108
,#NULL!
,#NULL!
Yes,0.00057
,0
,0
,#NULL!
,#NULL!
,#NULL!
Yes,0.00026
,#NULL!
,#NULL!
,#NULL!
,0
No,0.0004
,#NULL!
No,0
,0
No,0
,#NULL!
,0
No,0
,#NULL!
No,0
,#NULL!
,0
No,0
No,0
No,0
No,0
,0
No,0
No,0
Yes,#NULL!
Yes,0.00011
Yes,#NULL!
,0
,0
No,0
No,0
No,0
No,0
,0
,#NULL!
,#NULL!
No,0
Yes,0
,0
No,0
No,0
,0
,0
Yes,0.00031
No,0
Yes,#NULL!
,#NULL!
Yes,0
No,0
,0
,0
,#NULL!
No,0
No,0
,0
,#NULL!
No,#NULL!
,#NULL!
No,0
,#NULL!
Yes,0.00026
,0
No,0
,#NULL!
No,0
,0
,0
,0
,0
,0
,0
,#NULL!
,0
No,#NULL!
No,0
,0
No,0
No,0
No,0
,0
No,0
No,0
,0
,0
,0
No,0
,0
,0
No,0
Yes,0
No,0
,0
,0
No,0
No,0
,0
No,0
Yes,0
,#NULL!
Yes,0
No,0
No,0.00018
No,0
No,0
No,0
,0
No,0
,0
,#NULL!
No,0
No,0
Yes,0
Yes,0.00054
No,0
,#NULL!
Yes,0.00027
,#NULL!
Yes,0.00058
,0
,0
,0
Yes,0.00088
No,0
No,0
,#NULL!
No,0
,#NULL!
No,0
,0
No,0
No,0
No,0
No,0
,#NULL!
No,0
,#NULL!
No,0
,0
No,0
,0
,#NULL!
,0
No,0
,0
No,0
,#NULL!
No,0
No,0
No,0
No,0
No,0
No,0
No,0
,0
,#NULL!
No,0
Yes,0
Yes,#NULL!
,#NULL!
No,0
Yes,0
,0
,#NULL!
Yes,0.00011
,0
,0
,0
,0
,0
,0
,0
,0
No,0
No,0
,0
,0
,0
,0
No,0
,0
,0
,0
,0
No,#NULL!
No,0
No,0
,#NULL!
No,0
No,0
,0
,0
No,0
,0
No,0
,0
,#NULL!
No,0
,#NULL!
No,0
No,0
No,0
No,0
No,#NULL!
No,0
No,0
No,#NULL!
No,0
,0
,0
No,0
No,0
No,0
No,0
No,0
No,0
No,0
No,0
No,0
,0
No,0
,0
,0
No,0
No,0
No,0
,0
No,0
,0
,0
No,0
No,0
No,0
No,0
No,0
,0
No,0
,#NULL!
,0
No,0
No,0
,#NULL!
No,0
,0
No,0
No,0
,0
No,0
No,#NULL!
,0
,#NULL!
Yes,0
,0
No,0
,0
No,0
,0
No,0
,0
,#NULL!
Yes,0.00014
No,0
No,0
,0
Yes,0.00011
,#NULL!
Yes,0
Yes,#NULL!
No,0
No,0
No,0
No,0
Yes,0.00113
No,0
No,0
No,0
No,0
,0
No,0
No,0
No,0
,0
No,0
,0
,0
No,0
No,0
No,0
,#NULL!
No,0
No,#NULL!
No,0
,0
Yes,0.00023
,#NULL!
No,0
No,0.00015
No,0
No,0
No,0
Yes,0
Yes,0
Yes,#NULL!
Yes,0.0002
No,0
Yes,0
No,0
Yes,0
No,0
No,0
Yes,0.00022
,0
,#NULL!
No,0
,0
,0
,0
,#NULL!
,0
,#NULL!
No,0
,#NULL!
,#NULL!
,#NULL!
,#NULL!
No,0
No,0
,0
,0
No,0
,#NULL!
,#NULL!
,0
No,0
No,#NULL!
No,0
,#NULL!
,0
No,0
No,0
,#NULL!
No,0
,#NULL!
No,0
,#NULL!
,#NULL!
,#NULL!
,0
,0
,#NULL!
,#NULL!
,0
,0
,0
,0
,#NULL!
No,0
,#NULL!
,#NULL!
,0
,0
,#NULL!
No,0
,0
No,0
No,0
No,0
No,0
,0
No,0
,0
No,0
,0
,0
No,0
No,0
No,0.0008
,0
No,0
,#NULL!
No,0.00153
No,0
No,0
No,0
No,0
No,0
No,0.00011
No,0
,#NULL!
,0
,#NULL!
No,0
,#NULL!
,#NULL!
,0
,0
,0
,0
,0
,#NULL!
,#NULL!
,#NULL!
No,0.00138
,0
No,0
,#NULL!
No,0
No,0
,0
No,0
No,0
,#NULL!
No,0
Yes,0.0003
,0
No,0
Yes,0.00032
Yes,0.00053
,#NULL!
Yes,0.00138
,0
,0
No,0
,0
,0
,#NULL!
,0
,0
,0
,0.00011
,0
No,0
,0
,0
,0
,0
,0
,0
,0
No,0
No,0
No,0.00012
,0
,0
,#NULL!
,0
No,0
No,0
,0
Yes,0.00027
No,0
,0
,0
,0
Yes,0.0001
,0
,0
No,0
,0
,0
,0
,0
,0
,0
No,0
,0
No,0
No,0
No,0
No,0
No,0.0009
No,0
,0
No,0
No,0
No,0
,0
No,0
No,0
,0
No,0
No,0.00041
,0
,0
No,0
,0
,0
No,0
,0
,0
No,0
,0
No,0
No,0
,0
No,0
No,0
,0
No,0
,0
,0
No,0
No,0
No,0
No,0
,#NULL!
,0
,0
,0
No,0
,0
No,0
No,0
,0
,0
,0
No,0.00013
,0
No,0
,0
,0
No,0
No,0
No,0
,0
Yes,0
,#NULL!
No,0
No,0
No,0
,#NULL!
No,0
No,0
,#NULL!
,0
No,0
No,0
,#NULL!
,0
,0
,0
No,0
,0
,0
,0
,#NULL!
,0
No,0
No,0
No,0
,#NULL!
,0
No,0
,#NULL!
No,0
,#NULL!
No,0
No,0
No,0
,0
,0
,#NULL!
No,0
,#NULL!
,0
,#NULL!
No,0
,#NULL!
,#NULL!
No,0
No,0
,#NULL!
No,0
No,0
,#NULL!
,#NULL!
,#NULL!
,0
,0
,#NULL!
,0
,#NULL!
,0
No,0
,0
,0
No,0.0014
,0
,0
No,0
,0
,0
No,0
,0
,0
,0
,0
No,0
No,0
,0
,0
,0
,#NULL!
,0
,0
No,0
,0
,0
No,0
,0
,0.00082
,0
,#NULL!
No,0
No,#NULL!
No,0
,0
No,0
,0
No,0
No,0
,0
No,0
No,0
,0
,0
No,0
No,0
No,0
No,0
Yes,0
No,0
Yes,0
,#NULL!
,0
,0
,0
,#NULL!
No,0
No,0
,#NULL!
No,0
No,0
Yes,0
No,0
,#NULL!
Yes,0
,#NULL!
,#NULL!
,#NULL!
No,0
,0
,#NULL!
No,0
,#NULL!
,#NULL!
No,0
No,#NULL!
,#NULL!
,#NULL!
,0
Yes,0
No,0
No,#NULL!
,#NULL!
,0
,0
,#NULL!
No,0
No,0
,0
,#NULL!
,#NULL!
No,0
Yes,0
,0
No,0
,#NULL!
No,0
No,0
,0
,0
,0
Yes,0.00075
Yes,0.0012
,0
No,0
No,0
Yes,0
,0
No,0
,#NULL!
No,0
,0
No,0
,0
,#NULL!
Yes,0.00025
,#NULL!
,#NULL!
,0.00048
No,0
,0
,0
No,0
No,0
No,0
,0
,0
No,0
,#NULL!
,#NULL!
No,0
No,0
Yes,0.0001
No,0
,0
No,0
,0
No,0
,0
,0.00115
,#NULL!
,0
No,0
,0
,0
No,0
No,0
,0
,0
No,0
,#NULL!
,0
,0
No,0
No,0
,0
,0
,0
No,0
,#NULL!
No,0
,#NULL!
,0
,#NULL!
,#NULL!
No,0
No,0
,0
,#NULL!
,0
,#NULL!
No,0
,0
,0
,0.00013
,#NULL!
No,0
No,0
Yes,0.00019
,0
,#NULL!
No,0
No,0
,0
No,0
No,0
,0
No,0
No,0
No,0
No,#NULL!
,#NULL!
,#NULL!
No,#NULL!
Yes,0
No,0
No,0
No,0
,0
,0
,#NULL!
No,0
,0
,0
No,0
No,0
,#NULL!
,0
,#NULL!
,0
No,0
,0
Yes,0.00089
No,0
,0
No,0
No,0
,0
,#NULL!
No,0
No,0
,0
,0
Yes,0.00127
Yes,0.00027
No,0
,0
No,0
No,0
,0
No,0
,#NULL!
No,0
No,0
,0
No,0
No,0
No,0
No,0
No,0
No,0
No,0
No,0
,0
No,0
,0
No,0
No,0
No,0
,0
No,0
No,0
,#NULL!
,0
,0
No,0
,0
,0
,0
No,0
No,0
No,0
,0
,#NULL!
,0
,0
Yes,0
,0
Yes,#NULL!
No,0
No,0
Yes,0
,0
,0
No,0
No,0
,0
No,0
,0
No,0
No,0
,0.00071
,#NULL!
,0
,0
No,0
,0
,0
,0.00071
,0
,#NULL!
No,0
No,0
,#NULL!
No,0
No,0
,0
,0
No,0
No,0
,#NULL!
,#NULL!
,#NULL!
,0
,0
,#NULL!
No,0
Yes,#NULL!
Yes,0
,#NULL!
Yes,0.00031
,#NULL!
No,0
,#NULL!
No,0
No,0
No,0
No,0
,#NULL!
,0
,#NULL!
No,0
,#NULL!
No,0
No,0.00029
,0
No,0
No,0
No,0
,0
No,0
,0
No,0
,0
,0
,0
No,0
,#NULL!
,#NULL!
No,0
,0
,#NULL!
,0
No,0
No,0
,#NULL!
No,0
No,0
,0
No,0
No,0
,0
,0
No,0
,0
,0
No,0
,#NULL!
No,0
,#NULL!
,0
,#NULL!
,#NULL!
,0
Yes,0
,0
Yes,0
,0
No,0
No,0
No,0
,0
Yes,0
,0
No,0
,#NULL!
,0.00014
,0
,0
No,0
,0
No,#NULL!
No,0
No,0
,0
,0
,0
No,0
No,0
,#NULL!
No,0
No,0
No,#NULL!
,0
No,0
No,#NULL!
Yes,0.00151
No,0
,0
,0
No,0
No,0
,0
,#NULL!
,#NULL!
No,0
No,0
No,0
,#NULL!
No,0
,#NULL!
,#NULL!
No,#NULL!
No,0
No,0
No,0
No,0
,0
Yes,0
No,0
No,0
No,0
No,0
,0
,#NULL!
No,0
,#NULL!
No,0
,#NULL!
No,#NULL!
No,0
No,0
No,0
No,0
No,0
,0
,#NULL!
,#NULL!
No,#NULL!
Yes,#NULL!
,#NULL!
No,0
No,0
,#NULL!
,#NULL!
,0
No,0
No,0
No,0
,#NULL!
,#NULL!
No,#NULL!
,0
,0
,#NULL!
No,0
,#NULL!
,#NULL!
,#NULL!
No,0
,0
,0
,#NULL!
,#NULL!
,#NULL!
,#NULL!
No,0
No,#NULL!
No,0
No,0
,0
,0
Yes,0
No,0
,#NULL!
,0
,#NULL!
,#NULL!
Yes,#NULL!
,0
No,#NULL!
No,0.00015
,#NULL!
,#NULL!
No,#NULL!
,#NULL!
Yes,0
,#NULL!
No,0
,0
No,0
No,0
,#NULL!
No,0
,0
No,0
No,0
No,0
,0.00036
,0
Yes,0.0002
,0
,0
,#NULL!
,#NULL!
No,0
No,0
No,#NULL!
No,0
,0
,#NULL!
,0
No,0
No,0.0002
,0
No,0
No,0
No,0
,#NULL!
No,0
No,0
No,0
No,0
,0
No,0
No,0
No,0
No,0
Yes,0
No,0
No,0
,#NULL!
,0
No,0
No,0
,0
,0
No,#NULL!
Yes,#NULL!
Yes,0
No,0
Yes,0
No,0
,#NULL!
,#NULL!
,#NULL!
No,#NULL!
,#NULL!
,0
,0
No,0
,#NULL!
No,0
,#NULL!
,0
No,0
No,0
No,#NULL!
No,0
,0
,0
,#NULL!
,#NULL!
No,0
,#NULL!
No,0
,0
No,0.00041
No,#NULL!
No,0
Yes,0.00148
No,0
No,0
No,0
No,#NULL!
No,0
,0
,#NULL!
No,0
No,0
No,0
Yes,0.00036
,#NULL!
No,0
,#NULL!
,#NULL!
No,0
No,0
,#NULL!
No,0
,#NULL!
,0
No,0
,#NULL!
No,0
No,0
No,0
,#NULL!
No,0
No,#NULL!
No,0
,0
,0
No,0
,0
,0.0004
No,#NULL!
,#NULL!
,0
No,0
No,0
No,#NULL!
,0
,0
,#NULL!
,#NULL!
Yes,0.00115
No,0
,#NULL!
No,0
No,0
,0
,#NULL!
No,0
No,0
,#NULL!
No,0
No,0
No,0
No,0
No,0
No,0
,0
No,0
No,0
No,0
,#NULL!
No,0
No,0
Yes,0.00093
No,0
,#NULL!
No,0
No,0
,0
No,0
Yes,0.00038
Yes,0.00023
No,0
,#NULL!
,#NULL!
No,0
No,0
No,#NULL!
No,0
No,0
No,0
,0
,0
No,0
No,0
,0
No,0.00012
No,0
,#NULL!
No,0
No,0
Yes,0
Yes,0
No,0
No,0
Yes,0
No,0
No,#NULL!
No,0
,0
,0
,0
No,0
No,0
No,0
,0
,#NULL!
,0
,0
,#NULL!
,0
No,0
,0
No,0
No,0
,0
No,0
No,0
No,0
,0
,0
,0
No,0
No,0
,#NULL!
,0
,0
No,0
,#NULL!
,#NULL!
No,0
Yes,0
No,0
,0
No,0
,0
No,0
,0
,#NULL!
,#NULL!
No,0
,0
,0
No,0
No,0
,0.00056
No,0
No,0
,#NULL!
,0
No,0
,0
No,0
No,0
No,0
,0
Yes,0.00011
,#NULL!
,0
Yes,0
No,#NULL!
,#NULL!
,0
,0
,0
No,0.00091
No,0
No,0
No,0
,0
,0
No,0
,0
,0
No,0
,#NULL!
,#NULL!
No,0
Yes,0
No,0
Yes,0
,0
,0
Yes,0
,#NULL!
,#NULL!
,#NULL!
No,0
No,0
No,0
,0
,#NULL!
No,0
,#NULL!
No,0
No,0
No,0
No,0
No,0
No,0
,#NULL!
No,0
No,0
No,0
No,0
,0
,0
,0
No,0
No,0
No,0
No,0
,0
No,0
No,0
No,0
No,0
No,0
Yes,0.00015
No,0
No,0
Yes,0.00043
No,0
,0
No,0
Yes,0
,0
,0
No,0
No,0
No,0
No,0
,0
No,0
,0
,0
No,0
No,0
No,0
No,0
No,0
No,0
,#NULL!
,0
,0
No,0
No,0
Yes,0.00029
Yes,0.00112
Yes,0
No,0.00146
No,0
,0
No,0
,0
No,0
,#NULL!
,#NULL!
,0
,0
No,0
,0
,#NULL!
No,0
,0
,0
,#NULL!
No,0
Yes,0.00012
No,0
No,0
,0
,#NULL!
No,0
,0
No,0
,#NULL!
,0
Yes,0
No,0
,0
,#NULL!
,#NULL!
,#NULL!
,0
No,0
No,0
No,0
No,0
,0
,0
,#NULL!
,0
,0
,0
No,0
,0
No,0
No,0.0005
Yes,0
,0
No,0
Yes,0.0002
No,0
No,0
,0
,0
,0
,0
,0
No,0
Yes,0
No,0
No,0
,#NULL!
No,0
,0
No,0
,0
,0
Yes,0.00032
,0
No,0
No,0
,0
,0
No,0
No,0
,#NULL!
,#NULL!
No,0
,#NULL!
No,0
No,0
,#NULL!
No,0
,#NULL!
,#NULL!
Yes,0
,#NULL!
,#NULL!
,#NULL!
,#NULL!
No,0
Yes,#NULL!
No,0
,0
No,0
No,0
No,0
No,0
No,0
,0
No,0.00049
,0
,#NULL!
No,0
,#NULL!
No,0
No,0
,0
,0
Yes,0
No,0.001
,0
No,0
,#NULL!
,0
,0
No,0
No,0
No,0
Yes,0
,#NULL!
No,0
,#NULL!
,0
,0
No,0
No,0
,0
No,0
No,0
,#NULL!
,0
,#NULL!
No,0
No,0
No,0
No,0
No,0
Yes,0
No,0
,0
,0
No,0
No,0
No,0
,0
No,0
No,0
No,0
No,0
No,0
No,0
No,0
No,0
Yes,0
,0
,0
,0
,0
No,0
,#NULL!
,#NULL!
No,0
No,0
,0
No,0
No,0
No,0
,#NULL!
,0
,#NULL!
No,0
,#NULL!
,#NULL!
,#NULL!
No,0
,0
,0
No,0
,#NULL!
No,0
No,0
,#NULL!
No,0
,#NULL!
No,0
,0
,#NULL!
,#NULL!
,0
No,0
Yes,0.00052
,#NULL!
,#NULL!
No,0
,0
,#NULL!
,#NULL!
No,0
No,0
,#NULL!
,#NULL!
,0
,#NULL!
,#NULL!
,#NULL!
No,0
,0
,#NULL!
No,0
No,#NULL!
No,0
No,0
,#NULL!
,#NULL!
,#NULL!
,#NULL!
,#NULL!
,#NULL!
,0
No,0
,#NULL!
,#NULL!
,#NULL!
,0
No,0
No,0
,#NULL!
,#NULL!
No,0
No,0
,#NULL!
Yes,0
Yes,0
,#NULL!
,#NULL!
No,0
,#NULL!
,#NULL!
No,0
,#NULL!
No,0
,0
,0
,0
,0
,0
,#NULL!
,#NULL!
,#NULL!
,0
,0
No,0
,0
No,0
,#NULL!
,#NULL!
No,0
,#NULL!
,#NULL!
,#NULL!
No,0
,0
No,0
,#NULL!
No,0
No,0
,#NULL!
No,0
,#NULL!
Yes,0.00016
,#NULL!
No,0
No,0
,0
,0
,0
No,0
,0
No,0
,0
No,0
,#NULL!
,0
,#NULL!
,0
Yes,#NULL!
,0
,0
No,0
No,0
,0
No,0
No,0
,0
,0
No,0
,0
,#NULL!
No,0
No,0
,#NULL!
,#NULL!
No,0
,0
No,0
,0.0001
,0
Yes,0
No,0
No,0
Yes,0.00088
No,0
,#NULL!
,0
No,0
,0
Yes,0
No,0
Yes,0
No,0
,0
No,0
No,0
No,0
No,0
No,0
No,0
,0
,#NULL!
No,0
,0
,0
No,0
,0
No,0
No,0
No,0
No,0
No,0
Yes,0
No,0
No,0
No,0
No,0
,#NULL!
,#NULL!
No,0
No,0
No,0
No,0
Yes,0
Yes,0
,0
Yes,0
,0
No,0
No,0
Yes,0
,#NULL!
,#NULL!
,#NULL!
No,0
,0
No,0
,0
No,#NULL!
No,0
,0
Yes,0
,0
,0
,0
Yes,#NULL!
No,0
Yes,0
No,0
No,0
,#NULL!
,#NULL!
Yes,0.00045
No,0
,#NULL!
No,0
,#NULL!
No,0
No,0
No,0
No,0
,0
No,#NULL!
,#NULL!
No,0
,#NULL!
,#NULL!
,0.00033
Yes,0.00011
No,0
No,0.00058
No,#NULL!
Yes,0
,#NULL!
,#NULL!
No,0
,#NULL!
,0
No,0
No,0
No,0
No,0
No,0
No,0
No,0
No,0
,0
,0
No,0
Yes,0.00043
No,0
No,0
Yes,0
No,0
Yes,0
No,0
,0
,0
No,0
,0
No,0
Yes,0.0006
Yes,0.00036
No,0
,0
,0
No,0
No,0
No,0
No,0
Yes,#NULL!
Yes,0.00013
No,0
No,0
,0
No,0.00127
No,0
,0
No,0
Yes,0
,0
,0
No,0
Yes,0
,0
No,0
,0
,#NULL!
No,0
No,0
No,0
No,0
,0
,0
No,0
,0
,0
,#NULL!
No,0
Yes,0
,#NULL!
No,0
,0
No,0
,0
,0
,0
,0
,0
No,0
No,0
Yes,0
No,0
,0
,0
No,0
,#NULL!
Yes,0
,0
,#NULL!
No,0
No,#NULL!
,#NULL!
No,0
No,0
,#NULL!
No,0
,#NULL!
No,0
,#NULL!
,#NULL!
,0
No,0
No,0
,0
Yes,0
No,0
,0
,#NULL!
Yes,0
Yes,0.00119
No,0
,0
No,0
Yes,0
No,0
,0
,0
No,0
Yes,0
Yes,0
No,0
,0
No,0
No,0
,0
No,0
No,0
No,0
,0
No,0
Yes,0
No,0
,0
,0
No,0
No,0
No,0
No,0
No,0
,0
No,0.00098
No,0
No,0
No,0
No,0
No,0
,0
No,0
,0
No,0
No,0
,0
No,0
No,0
No,0
No,0
No,0
,#NULL!
No,0
No,0
,0
Yes,0
No,0
,0
,0
No,0
,0
,0
Yes,0
No,0
No,0
,#NULL!
No,0
No,0
Yes,0
No,0.00012
No,0
,#NULL!
No,0
No,0
No,0
No,#NULL!
No,0
Yes,0.00136
No,0.00017
,0
Yes,#NULL!
,0
,#NULL!
,#NULL!
Yes,0.00032
No,0
,0
No,0
Yes,0.00059
No,0
Yes,0.0008
No,0
,0
,0
Yes,0
,0
Yes,0.00022
No,0
No,0
,0
No,0
No,0
,0
,#NULL!
,0
,#NULL!
No,0.00042
,0
No,0
No,0
No,#NULL!
,0
Yes,0.00078
No,0
No,0
,#NULL!
,0
No,0
Yes,0
No,0
Yes,0.00042
No,0
No,0
,0
No,0
No,0
,0
No,0
,0
No,0
No,0
No,0
,0
,0
,0
Did not answer,#NULL!
,#NULL!
No,0
,0
No,0
No,0
No,0
,0
,0
No,0
,0
,0
No,0
No,0
,#NULL!
,#NULL!
,0
No,0
No,0
,0
No,0
No,0
No,0
,#NULL!
No,0
,#NULL!
No,0
No,0
,0
No,0
,0
No,0
,0
,0
,#NULL!
No,0
,0
No,0
No,0
No,0
No,0
Yes,0
No,0
Yes,0
,0
No,0
,0
No,0
Yes,0
No,0
No,0
,0
,#NULL!
No,0
No,0
,0
No,0
Yes,0
,0
Yes,#NULL!
,0
No,0
Yes,0
No,0
No,0
No,0
No,0
No,0
No,0
No,0
No,0
,0
,0
,0
No,0
Yes,0
No,0
No,0
Yes,0.00013
No,0
No,0
,0
,0
No,0
,0
,0
,0
,0
,#NULL!
,0
No,0
No,0
No,0
No,0
No,0
,0
No,0.00057
No,0
No,0
,0
,0
No,0
No,0
No,0
No,0
,0
No,0
Yes,0
No,0
No,0
No,0
,0
No,0
No,0
No,0
No,0
,0
,0
,0
No,0
Yes,0
No,0
Yes,0
Yes,0
No,0
,0
,0
No,0
,0
No,0
No,0
,0
,0
,#NULL!
,#NULL!
No,0
,0
,0
,#NULL!
No,0
,0
No,0
,#NULL!
,0
,0
,0
No,0
No,0
,0
,#NULL!
,#NULL!
No,0
No,0.00032
No,#NULL!
No,0
No,0
No,0
,#NULL!
No,0
,0
No,0
,0
,0
No,0
Yes,0.00079
,0
No,0
No,0.00103
,#NULL!
No,0
No,0
,0
,0
,0
,0
No,0
No,0
No,0
No,0
No,0
No,0
No,0
No,0
No,0
No,0
,#NULL!
,0
Yes,0
,0
No,0
No,0
No,0
No,0
Yes,0
No,0
No,0
No,0
,0
No,0
No,0
No,0
Yes,0.00017
Yes,0
,0
,0
Yes,0
,0
,0
No,0
No,0
No,0
No,0
,0
,0
No,0
No,0
No,0
,0
,0
No,0
,0
,0
Yes,0
No,0
No,0
No,0
No,0
Yes,0
No,0
No,0
Yes,0
,#NULL!
No,0.00012
No,0
,0
,0
Yes,0
Yes,0.00027
Yes,0.00035
,#NULL!
No,0
No,0
,#NULL!
No,0
,#NULL!
,0
,0
,#NULL!
No,0
,0
No,0
No,0
,0
,#NULL!
No,0.00014
,#NULL!
No,0
Yes,0
,#NULL!
,0
No,0
,#NULL!
No,0
,#NULL!
,#NULL!
No,0
,#NULL!
,#NULL!
,0
,#NULL!
No,0
No,0
,0
,0
No,0
No,0
No,0
,0
No,0
Yes,0
,0
No,0
,0
,0
,0
No,0
No,0
,0
,0
No,0
,0
No,0
,#NULL!
No,0
,0
Yes,0
No,0
No,0
,0
No,0
,0
,#NULL!
,0
,0
,0
,0
,#NULL!
Yes,0.00074
,0
No,0.00135
,0
No,0
,0
,0
,0
No,0
Yes,0
,0
,0
,0
No,0
,#NULL!
No,0
Yes,0.00015
,0
,0
No,0
,0
,0
No,0
,0
No,0
No,0
No,0
Yes,0
No,0
No,0
,0
Yes,0.00122
No,0
,0
,0
,0
No,0
,0
No,0
No,0
No,0
,0
,0.00122
No,0
,0
No,0
No,0
,0
,0
No,0
No,0
No,0
No,0
No,0
,0
No,0
No,0
No,0
No,0
,#NULL!
No,0
No,0
Yes,0.00041
,#NULL!
No,0
No,0
No,0.00018
,0
,0
No,#NULL!
No,0
,0
,#NULL!
No,0
No,0
No,0
,0
,0
,0
Yes,0
,0.00062
,#NULL!
No,0
,0.00098
No,0
Yes,0.00058
,0
,0
,0
,#NULL!
,0
No,0
,0
,0
No,0
No,0
,0
No,0
No,0
,0
,0
,#NULL!
No,0
,0
No,0
No,0
,0
,#NULL!
,#NULL!
,#NULL!
No,0
,0
,0
No,0
No,0
No,0
No,0
,#NULL!
No,0
,0
No,0
,#NULL!
,0
,#NULL!
No,0
No,0
No,0
,#NULL!
,0
,0.00028
No,0
,0
No,#NULL!
Yes,0
,#NULL!
Yes,0
Yes,0
No,0
,#NULL!
,0
,0
,#NULL!
No,0
,0
No,0
,0
No,0
,0
,0
,#NULL!
,0
,0
No,0
No,0
,0
No,0
No,0
No,0
No,0
No,0
,0
,0
,0
No,0
No,0
,0.00017
,0
No,0
No,0
,#NULL!
,0
,0
No,0
,0
No,0
No,0
,#NULL!
,0
,#NULL!
,0
,#NULL!
No,0
,0
,#NULL!
Yes,0
Yes,0
Yes,0.00143
,#NULL!
,#NULL!
,#NULL!
,#NULL!
,#NULL!
No,0
No,0
,0
,0
No,0
No,0
,0
,0
Yes,0.00038
,0
,0
Yes,0.00042
,0
No,0
,0
,#NULL!
No,0
,0
,0
No,0
,0
,#NULL!
,0
,0
,#NULL!
No,0
,0
No,0
No,0
No,0
No,0
No,0
No,0
No,0
No,0
,0
No,0
No,0
,0
,0
,0
No,0
Yes,0.00039
,0
No,0
,0
,0
No,0
Yes,0
Yes,0
,0
No,0
Yes,0.0002
No,0
No,0
,0
No,0
No,0
No,0
No,0
No,0
No,0
,0
No,#NULL!
Yes,0
No,0
,0
No,0
,0
,#NULL!
No,0
No,0
Yes,0.00057
,0
,0
,0
No,0
No,0
No,0
No,0
No,0
,0
No,0
,0
Yes,0
No,0
No,0
No,0
No,0
No,0
No,0
,0
,0
Yes,0.00056
No,0
Yes,0
No,0
No,0
No,0
,0
,0
,#NULL!
No,0
,#NULL!
No,0
,0
No,0
Yes,0
Yes,0
No,0
No,0
,0
,0
,0
No,0
No,0
No,0
Yes,0
No,0
No,0
No,0
,0
No,0
Yes,0.00023
,0
No,0
No,0
,0
,0
,0
,#NULL!
Yes,0
,0
No,0
No,0
,0
,0
,0
,0
Yes,0
No,0
,0
Yes,0
Yes,0.0002
,#NULL!
No,0
No,0
No,0
No,0
No,0
,0
No,0
No,0
No,0
No,0
No,0
,#NULL!
,0
,0
No,0
No,0
No,0
No,0
No,0
No,0
,0
,#NULL!
No,0
,#NULL!
,0
,0
No,0
,0
No,0
,0
,0
Yes,#NULL!
,0
No,0
No,0
,0
No,0
No,0
No,0
,0
,#NULL!
,0
No,0
No,0
,0
No,0
,0
,#NULL!
,0
No,0
,0
No,0
No,0
,0
,0.00032
,0
,0
No,0
,0
,0
,0
,0
Yes,0.00141
,0
No,0
No,0
,0
Yes,0.00028
,0.00057
,#NULL!
,#NULL!
No,0
No,0
,0
,0
Yes,0.00021
,0
No,0
No,0
,#NULL!
No,0
No,0.00089
,#NULL!
,0.0002
,0
Yes,0.00041
,#NULL!
,#NULL!
,0
,#NULL!
,#NULL!
,0.00016
No,0
,0
No,0
,0
,0
No,0
,0
,0
,#NULL!
No,0
No,0
No,#NULL!
,0
,0
No,0
,0
,0
,0
No,0
,0
No,0
No,0
No,0
,0
,0
,0
,0
,0
No,0
,0
,#NULL!
,0
,0
,#NULL!
Yes,0.00065
,0
,0
No,0
No,0
No,0
No,0
No,0
,0
,0
,0
No,0
Yes,0
No,0
,0
No,0
No,0
,0
No,0
No,0
,0
No,0
No,0
No,0
,0
,0
No,0
,0
,0
,0
No,0
,0
,0
Yes,0
No,0
Yes,0
,0
No,0
,#NULL!
No,0
,0
No,0
,#NULL!
,#NULL!
No,0
,0
No,0
,0
Yes,0
,0
,#NULL!
No,0
,#NULL!
Yes,0
Yes,0.00099
,0
No,0
,0
,0
No,0
No,0
,#NULL!
,0
No,0
,#NULL!
,0
,0
No,0
No,0
No,0
No,0
,#NULL!
,0
No,0
,0
,0
,#NULL!
No,0
,0
No,0
Yes,0
,0
No,0
,0
No,0
,#NULL!
No,0
No,0
No,0
,#NULL!
,#NULL!
,0
No,0
,0
No,0
,0
,0
No,0
No,0
,#NULL!
No,0
,0.0002
,0
No,0
No,0
,0
,#NULL!
,#NULL!
,0
,0
No,0
,#NULL!
,0
Yes,0
,0
,0
,0
,#NULL!
,0
,0
,#NULL!
No,0
,#NULL!
,0
,0
,0
,0
No,0
,0
,0.00078
,0
,#NULL!
,0
No,0
,0
No,0
No,0
,0
,0
,0
,0
No,0
,0
,0
No,0
No,0
No,0
Yes,0
No,0
,0
,#NULL!
,0
No,0.0002
Yes,0
,#NULL!
,0
,0.00143
Yes,0
No,#NULL!
,#NULL!
Yes,0.00089
,#NULL!
,#NULL!
No,#NULL!
,#NULL!
No,0
,#NULL!
No,0
No,0
No,0
,0
No,0
,#NULL!
No,0
,#NULL!
No,0
No,0
,0
No,0
No,0
,#NULL!
,0.00091
,0
No,0
,0
No,0
No,0
,#NULL!
,0
,0
,0
,#NULL!
,0
No,0
No,0
Yes,0.00074
No,0
,0
,0
No,0
,#NULL!
No,0
,#NULL!
No,0
No,0
No,0
,#NULL!
,#NULL!
,#NULL!
,#NULL!
,0
,0
,#NULL!
,#NULL!
,0
,#NULL!
,0.00044
,0
,0
No,0
,0
No,0
,0
,0
No,0
,0
,#NULL!
,0
,0
,0
,0
,#NULL!
,#NULL!
No,0
,0
,0
No,0
,#NULL!
,0
,#NULL!
,#NULL!
,0
,0
,0
,0
,0
No,0
,0
,0
,#NULL!
,0
No,0
,0
,0
,#NULL!
,#NULL!
,0
No,0
No,0
No,0
,0
,#NULL!
,#NULL!
,0
,0
,0
No,0
,0
No,0
,0
,0
,#NULL!
No,0
,0
No,0
,0
No,0
No,0
,#NULL!
No,0
No,0
No,0
,0
No,0
No,0
No,0
Yes,0
,0
No,0
No,0
No,0.0002
No,0
No,0
No,0.00022
,#NULL!
,0
No,0
,0
,0
No,0
,0
,0
,#NULL!
,0
No,0
No,0
,0
,0
No,0
,0
No,0
No,0
No,0
,0
No,0
No,0
,0
,0
No,0
No,0
No,0
No,0
,0
No,0
,0
,0
No,0
No,0
No,0
No,0
No,0
No,0
No,0
,0
,#NULL!
,0
,0
No,0
No,0
No,0
,#NULL!
No,0
,#NULL!
,0
No,0
No,0
,0
,0
No,0
No,0
No,0
,0
,0
,0
,0
No,0
No,0
,0
,0
,0
,#NULL!
,0
,0
Yes,0.00223
No,0
No,0
No,0
No,0
,0
No,0
No,0
No,0
,0
No,0
No,0
,#NULL!
,0
No,0
No,0
No,0
,0
,0
,#NULL!
No,0
Yes,0.00174
No,0
Did not answer,#NULL!
No,0
No,0
,0
Yes,0
No,0
,0
,0
,#NULL!
,0
,0
,0
No,0
,0
,#NULL!
,0
No,0
No,0
,0
No,0
,0
No,0
No,0
,#NULL!
No,#NULL!
,0
No,0
,#NULL!
No,0
,0
,#NULL!
,#NULL!
No,0
Yes,0
,#NULL!
Yes,0
,0.00064
No,0
No,0
,0
,0
,0
No,0
,0
No,0
,#NULL!
,#NULL!
,0
,#NULL!
,0
,0
No,0
Yes,0.0022
No,0
,#NULL!
No,0
,0
,0
No,0
No,0
,0
No,0
No,0
No,0
No,0
No,0
,0
Yes,#NULL!
Yes,0
No,0
,0
Yes,0
No,0
,0
Yes,0
Yes,0
,0
No,0
,#NULL!
,0
,0
,0
Yes,0
,#NULL!
No,0
No,0
,0
,#NULL!
,#NULL!
,0
No,0
,0
No,0
,#NULL!
,#NULL!
,0
,0
No,0
,0
No,0
,#NULL!
,0
,#NULL!
,0
,0
,0
No,0
No,0
No,0
No,0
No,0
No,0
,#NULL!
,#NULL!
,0
,#NULL!
,0
No,0
,0
No,0
,0
No,0
,0
No,0
No,0
,0
,0
,#NULL!
,#NULL!
,0
No,0
,0
,0
No,0
No,0
No,0
No,0
No,0
,0
,#NULL!
No,0
,#NULL!
,0
,#NULL!
,0
No,0
No,#NULL!
,0
No,0
,#NULL!
,0
,0
,#NULL!
No,0
,0
,#NULL!
,#NULL!
,0
,#NULL!
No,0
,#NULL!
,0
No,0
,0
,#NULL!
,#NULL!
No,0
,#NULL!
Yes,0.00021
Yes,0.00021
No,0
Yes,0
No,0
,0
Yes,0
,0
,#NULL!
,0
Yes,0.00021
,0
Yes,0.00013
,#NULL!
,0
,#NULL!
,0
,0
,0
,0
,0
,0
,#NULL!
,0
Yes,0
,0
,0
,0
,0
No,0
,#NULL!
,0
No,0
,0
,0.00106
No,0.00011
,#NULL!
,#NULL!
,0
,0
No,0
Yes,0.00056
,0
,0
,0
,0
No,0
No,0
,0
No,0
,0
,0
,0
,0
No,0
,0
,0
No,0
,0
,0
No,0
,0
No,0
No,0
No,0
,0
No,0
No,0
,0
No,0
No,0
,0
No,0
No,0
No,0
No,0
No,0
No,0
,0
No,0
No,0
,0
,0
,0
,0
,0
Yes,0
,0
Yes,0.00093
No,0
No,0
,0.00037
Yes,0.00043
,0
,0
No,0
,0
No,0
No,0
No,0
,0
Yes,0.00033
No,0
No,0
No,0
No,0
,0
No,0
,0
No,0
,0
No,0
No,0
No,0
No,0
No,0
No,0
,0
Yes,0.0012
No,0
No,0
,0
No,0
No,0
No,0
No,0
No,0
No,0
Yes,0
,0
Yes,0
No,0
No,0
Yes,0
Yes,0
No,0
,0
No,0
,0
No,0
No,0
No,0
No,0
Yes,0
Yes,0
,0
Yes,0.00037
No,0
No,0
No,0
No,0
No,0
No,0
,0
No,0
,0
No,0
No,0
,0
,0
No,0
,0
No,0
No,0
No,0
Yes,0
No,0
,0
No,0
No,0
No,0
No,0
,0
No,0
,0
Yes,0.00012
,0
No,0
,0
No,0
No,0
No,0
,0
No,0
No,0
No,0
No,0
,0
No,0
No,0
,#NULL!
No,0
,0
,0
,0
,0
No,0
,#NULL!
,#NULL!
No,0
Yes,0.00111
,#NULL!
No,0
,0
No,0
No,0
No,0
,0
Yes,0.00056
,#NULL!
Yes,0
,#NULL!
Yes,0
,#NULL!
No,0
,0
,0
,0
,0
No,0
,0
No,0
No,0
No,0
No,0
No,0
No,0
,0
No,0
,#NULL!
,0
No,0
,0
,0
Yes,0.00044
No,0
No,0
No,0
,0
,0
,0
No,0
No,0
,#NULL!
No,0
No,0
,0
No,0
Yes,0.00034
,0
No,0
,0
,0
,0
No,0
,0
,0
,0
No,0
,0
,0
No,0
,0
,0
,0
No,0
Yes,0
,0
,#NULL!
,#NULL!
No,0
,0
,#NULL!
,#NULL!
,0
No,0
No,0
No,0
No,0.00164
,0
No,0
,0
No,0
No,0
,#NULL!
No,0
Yes,0.00068
,#NULL!
,#NULL!
,0.00058
,0
,#NULL!
,#NULL!
,0
,#NULL!
No,#NULL!
No,0
No,#NULL!
,0
No,0
No,0
No,0
,#NULL!
No,0
,#NULL!
No,0
,#NULL!
,#NULL!
,#NULL!
Yes,0
,#NULL!
No,0
Yes,0
,0
Yes,0
Yes,0.00016
,#NULL!
,#NULL!
No,0
,#NULL!
No,0
,#NULL!
,#NULL!
,#NULL!
,#NULL!
,#NULL!
,#NULL!
,0
,#NULL!
,0
,0
,0
No,0
,0
No,0
,0
Yes,0.00141
,0
No,0
No,0
No,0
,0
,#NULL!
,0
,0
,0
,0
,0
No,0
,0
No,0
,0
No,0
No,0
,#NULL!
Yes,0.00017
Yes,0
,0
No,0
Yes,0
No,0
Yes,0
,#NULL!
,#NULL!
,#NULL!
,#NULL!
,0
,0
No,0
No,0
No,0
,0
,#NULL!
No,0
No,0
,#NULL!
,#NULL!
,0
No,0
,0
,0
No,0
,0
,0
,#NULL!
No,0
No,0.00014
,#NULL!
,#NULL!
No,#NULL!
No,0
,#NULL!
No,0
,0
No,0
,0
Yes,0.00155
No,0
,0
No,0
No,0.00063
No,0
No,0
No,0
No,0
No,0
Yes,0
No,0
,0
No,0
No,0
No,0
No,0
No,0
No,0
,#NULL!
,#NULL!
No,0
No,0
,0
,0
,#NULL!
No,0
No,#NULL!
,0
,0
No,0
,0
,#NULL!
,#NULL!
,0
,0
,0
,0
,0
,0.0004
Yes,0
No,0
No,0
,0
No,0
No,0
Yes,0.00074
,0
,#NULL!
,#NULL!
,0
,0
,0
Yes,0
,#NULL!
,#NULL!
No,0
No,0
No,0
No,0
,#NULL!
No,0
No,0
,0
No,0
,0
No,0
No,0
,0
No,0
No,0
No,0
,0
,#NULL!
Yes,0.00032
,#NULL!
,0
No,0
,0
No,0
,#NULL!
,#NULL!
No,0
No,0
No,0.00069
,0
,#NULL!
,0
No,0
No,0
Yes,0
,#NULL!
No,0
No,0
,0
,0.00027
,0
,0
,#NULL!
,0
,0
,0
Yes,0
,0
Yes,#NULL!
No,0.00011
No,0
No,0
No,0
No,0
No,0
No,0
Yes,0.00016
,0
,#NULL!
,0
,0
No,0
No,0
,0
No,0
No,0
No,0
No,0
No,0
No,0
Yes,0.0001
,#NULL!
No,0
,#NULL!
Yes,0.00097
,0
,0
No,0
No,0
,0
,0
,0
No,0
,#NULL!
No,0
Yes,0.0005
No,0
No,0
,0.00012
No,0
,0
,#NULL!
No,0
No,0
No,0
,0
,0
Yes,#NULL!
No,0
No,0
,#NULL!
,#NULL!
Yes,0
No,0
No,0
No,0
,#NULL!
No,0
,0
No,#NULL!
No,0
No,0
No,0
No,0
No,0
No,0
,0
Yes,0
,0
,#NULL!
,0
No,0
No,0
No,0
,#NULL!
No,0
No,0
Yes,0.00048
,#NULL!
No,0
No,0
No,0
,0
,0
No,0.00017
,0
,0
,0
No,0
,#NULL!
No,0
,0
,#NULL!
No,0
,#NULL!
No,0
,#NULL!
,#NULL!
,#NULL!
No,#NULL!
No,0
,#NULL!
No,0
No,0
No,0
,0
No,0
No,0.00066
Yes,0
,0
No,0
No,0
No,0
Yes,0
No,0
No,0
No,0
No,0
,0
No,0
No,0
,0
No,0
,#NULL!
,#NULL!
,0
,#NULL!
,0
Yes,0
No,0
,0
Yes,0.00031
,0
,0
,#NULL!
No,0
No,#NULL!
,0
Yes,0
No,0
Yes,#NULL!
,#NULL!
Yes,0
No,0
,#NULL!
,0
,0
Yes,0
,0
No,0
,0
,#NULL!
No,0
,0
No,0
No,0
,#NULL!
,0
No,0.0001
No,0
,0
,0
,#NULL!
No,0
No,0
,0
,0
No,0
No,0
,0
,0
No,0.00023
,0
No,0
No,0
No,0
No,0
,0
No,0
,#NULL!
,0
No,0
,0
,#NULL!
No,0
,#NULL!
,0
No,0
,0
No,0
No,0
,0
,#NULL!
,#NULL!
,0
No,0
No,0
,#NULL!
,#NULL!
,#NULL!
Yes,0
Yes,0.00061
,0
,0
No,#NULL!
,#NULL!
,#NULL!
,#NULL!
,0
,#NULL!
No,0
,0
,#NULL!
,0
,0.00099
,0
,0
,0
No,0
No,0
No,0
,0
,0
Yes,0
,0
,0
,0
No,0
,0
No,0
,0
,#NULL!
No,0
No,0
,0
,#NULL!
No,0
No,0
Yes,0
No,0
,0
No,0
,0
No,0
No,0.00021
No,0
No,0
No,0
No,0
Yes,0.0005
No,0
No,0
No,0
No,0
No,0
Yes,0
No,0
No,0
,0
No,0
,0
,0
,0.00014
,#NULL!
No,0
No,0
,0
,#NULL!
,#NULL!
Yes,0.0001
,0
,0
,#NULL!
,#NULL!
,#NULL!
No,0
,#NULL!
,0
,0
,#NULL!
,#NULL!
,0
,#NULL!
,#NULL!
,#NULL!
,#NULL!
,#NULL!
,#NULL!
,#NULL!
,#NULL!
,#NULL!
,#NULL!
,#NULL!
No,0
,#NULL!
Yes,0.00023
,#NULL!
No,0
,#NULL!
No,0
,0
No,0
No,0
No,0
No,0
No,0
,0
No,0
No,0
No,0
,0
,0
Yes,0
No,0
No,0
,0
No,0
No,0
No,0
,#NULL!
No,0
,0
,#NULL!
,#NULL!
,0
,0
,#NULL!
,#NULL!
,0
No,0
No,0
,#NULL!
,0
,#NULL!
No,#NULL!
No,0
No,0
No,0
No,0
,0
,0
No,0
Yes,0
,#NULL!
No,0
No,0
No,0
,0
,0
No,0
,#NULL!
,0
No,0
,#NULL!
,#NULL!
,#NULL!
,#NULL!
,#NULL!
,#NULL!
,#NULL!
No,0
No,0
,#NULL!
,#NULL!
,#NULL!
,#NULL!
,#NULL!
,#NULL!
,#NULL!
,#NULL!
,#NULL!
,0
No,0
,0
No,0
,#NULL!
,0
,0
No,0
,0
,0
,#NULL!
,#NULL!
,#NULL!
,#NULL!
No,0
,#NULL!
No,0
No,0
No,0
,0
No,0
,#NULL!
,0
,#NULL!
No,0
,#NULL!
,#NULL!
,0
,0
No,0
,0
No,0
No,0
,#NULL!
,0
Yes,#NULL!
,#NULL!
No,0
,#NULL!
,0
No,0
No,0
,#NULL!
,#NULL!
,#NULL!
,0
,#NULL!
,#NULL!
No,0
,#NULL!
No,0
,0
No,0
,#NULL!
,0
,0
,0
,#NULL!
Yes,0
No,0
,0
Yes,0
No,0
No,0
,0.00276
No,0
Yes,0
No,0
,#NULL!
,0
,0
Yes,0.00029
,#NULL!
,#NULL!
No,0
No,0
,0
,0
Yes,0
No,0
,#NULL!
,#NULL!
,#NULL!
,#NULL!
,0
No,0
Yes,0
,0
,0
,#NULL!
,0
,0
,0
,0
,0
,0
,0
No,0
Yes,0.00013
,0
,0
,0
No,0
No,0
,0.00032
,#NULL!
,#NULL!
Yes,0
No,0
No,0
,0
,0
No,0
No,0
Yes,0
,#NULL!
No,0
No,0
No,0
No,0
No,0
No,0
No,0
No,0
No,0
,0
No,0
No,0
No,0
No,0
No,0
,0
No,0
No,0
No,0
No,0
,0
,0
No,0
,0
,0
No,0
,0
,0
,0
,0
No,0
No,0
No,0
No,0
No,0
No,0
No,0
Yes,#NULL!
,0
,0
,0
No,0
Yes,0.00014
Yes,0
Did not answer,0
No,0
,0
,0
,#NULL!
,#NULL!
,0
,0
Yes,0
,#NULL!
,#NULL!
,0.0002
No,0
No,0
,0.00012
No,0
,0
,0
No,0
,#NULL!
,#NULL!
,#NULL!
No,0
Yes,0
No,0.00039
,#NULL!
No,0
,#NULL!
No,0
,0
No,0
No,0
,0
No,0
No,0
No,0
,0
No,0
,0
No,0
Yes,0
No,0
No,0
,0
,0
,#NULL!
,0
No,0
No,0
,0
No,0
No,0
,#NULL!
,#NULL!
,0
Yes,0.00011
,#NULL!
Yes,0
,#NULL!
,#NULL!
,#NULL!
Yes,0
No,0.00124
No,0
,#NULL!
,#NULL!
No,0
No,0
No,0
No,0
No,0
,0
No,0
No,0
,0
,#NULL!
No,0
No,0
No,0
No,0
Yes,0.00031
Yes,0
No,0
,0
Yes,0
No,0
,0
No,0
No,0
,0
No,0
Yes,0
No,0
No,0
No,0
No,0
,0
No,0
,0
No,0
No,0
No,0
No,0
No,0
Yes,0
,0
No,0
No,0
,#NULL!
No,0
No,0
No,0
No,0
,0
No,0
,0
No,0
No,0
No,0
Yes,0
No,0
No,0
No,0
,0
No,0
,0
No,0
,0
Yes,0
No,0
,#NULL!
,#NULL!
No,0
No,0
No,0
,0
No,0
No,0
No,0
,#NULL!
,#NULL!
Yes,0
Yes,0
,#NULL!
No,0
,#NULL!
,#NULL!
,0
,0
,0
,#NULL!
,0
No,0
,#NULL!
,0
,0
Yes,0.00075
,0
,0.00033
,#NULL!
No,0
No,0
,#NULL!
,0
,#NULL!
,#NULL!
,0
,0
,0
,0
,0
,#NULL!
,0
,0
,0
,0
,0
No,0
No,0
No,0
No,0
No,0
No,0
No,0
,0
,0
No,0
,0
No,0
No,0
,0
,#NULL!
No,0
No,0
No,0
,0
No,0
No,0
Yes,0.00032
,#NULL!
,0
,0
No,#NULL!
,0
,#NULL!
,#NULL!
,#NULL!
,0
,0
,#NULL!
No,0
No,0
,0
,#NULL!
No,0
No,0
,#NULL!
,#NULL!
,#NULL!
Yes,0
No,0
No,0
,#NULL!
,#NULL!
No,0
,#NULL!
No,0.00011
No,0
,#NULL!
,#NULL!
,0
No,0
No,0
No,0
No,0
,#NULL!
No,0
No,0
No,0
No,0
No,0
No,0
No,0
No,0
,0
No,0
,0
,#NULL!
No,0
No,0
No,0
No,0
No,0
No,0
No,0
No,0
,0
No,0
No,0
No,0
No,0
No,0
,#NULL!
Yes,0
No,0
,0
No,0
,#NULL!
No,0
Yes,0.00056
No,0
No,0
No,0
No,0
Yes,0.00124
No,0
No,0
,#NULL!
,0
No,0
,#NULL!
No,0
,#NULL!
,#NULL!
,0
No,0
,#NULL!
,#NULL!
,#NULL!
,#NULL!
,#NULL!
,#NULL!
No,0
,#NULL!
No,0
No,0
Yes,0.00011
No,0
,#NULL!
Yes,0
No,0
No,0
,#NULL!
No,0
,#NULL!
,#NULL!
,0
No,0
No,0
Yes,0
Yes,0
,0
,#NULL!
Yes,0
No,0.00146
No,0
,0
,0
No,0
No,0
,0
No,0
,0
,0
,#NULL!
No,0
No,0
,0
No,0
,0
No,0
,#NULL!
No,0
,#NULL!
,0
,0
No,0
No,0
,0
No,0
,0
Yes,0
No,0
,0
,0
No,0
No,0
No,0
No,0
No,0
,0
No,0
No,0
,0
,0
No,0
No,0
No,0
No,0
,0
No,0
No,0
No,0
No,0
No,0
No,0
No,0
Yes,0.00079
No,0
,#NULL!
No,0
No,0
No,0
,#NULL!
,#NULL!
No,0
No,0
No,0
No,0
,0
,#NULL!
,#NULL!
,#NULL!
,0
,0
No,0
,#NULL!
,#NULL!
No,0
Yes,0.00048
No,0
No,0
,0
No,0
,#NULL!
,#NULL!
,0
No,0
No,0
Yes,0
,#NULL!
No,0
,0
Yes,#NULL!
,#NULL!
,#NULL!
No,0
,0
No,0
No,0.00166
,0
,0
No,0
,0
No,0
No,0
,#NULL!
No,0
,#NULL!
Yes,0
No,0
No,0
No,0
,0
,0
,#NULL!
No,0
,#NULL!
Yes,0.0015
Yes,0.0013
No,0.0003
Yes,0.0008
,0
No,0
,#NULL!
Yes,0
,0
No,0
,0
No,0
No,0
,0
No,0
,0
Yes,0.00107
,0
,0
Yes,#NULL!
Yes,#NULL!
,0
,0
No,0
No,0.00033
No,0
No,0
No,0
,0
No,0
No,0
,0
No,0
No,0
No,0
,#NULL!
No,0
No,0
,0
No,0
,0
No,#NULL!
,0
,0
No,0
Yes,0
,0
,0
No,0
Yes,0
No,0
,0
,0
No,0
No,0
,0
No,0
No,0
,0
No,0
No,0
No,0
No,0
,#NULL!
No,0
No,0
,0
Yes,0.00016
No,0
Yes,0
Yes,0
No,#NULL!
,#NULL!
,0
,#NULL!
,#NULL!
Yes,0.00059
,#NULL!
,0
No,0
No,0
,0.00064
,0
No,0
,0
,#NULL!
,0
,#NULL!
,0
,0
No,0
,0
,0
,0
No,0
No,0
,0
,0
Yes,0.00056
Yes,0
No,0
,#NULL!
No,0
No,0
,0
No,0
,0
,#NULL!
No,0
,#NULL!
No,0
No,0
No,0
No,0
No,0
No,0
Yes,0
,0
No,0
,0
No,0
No,0
No,0
No,0
,0
No,0
No,0
,0
Yes,#NULL!
No,0
No,0
No,0
No,0
No,0.00044
Yes,0.00051
Yes,0.00045
No,0
Yes,#NULL!
No,0
No,0
No,0
No,0
,0
Yes,0
No,0
,0
No,0
No,0
,0
No,0
,0
No,0
No,0
No,0
,#NULL!
Yes,0.00051
,#NULL!
No,0
,0
,0
,0
No,0
,0
,0.00018
No,0
No,0
,0
,0
,0
No,0
,0
No,0
,0
,0
No,0
,0
No,0
No,0
No,0
No,0
,#NULL!
No,0
,0
No,0
No,0
No,0
,#NULL!
No,0
,0
No,0
,0
No,0
No,0
No,0
No,0
No,0
No,0
Yes,0.00129
No,0
,0
Yes,0.0002
,#NULL!
,0
No,0
No,0
,0
No,0
No,0
,#NULL!
No,0.00074
No,0
No,0
,#NULL!
,0
No,0.00273
No,0
,#NULL!
,0
,#NULL!
,0
,0
No,0
No,0
No,0
,#NULL!
,0
No,0
No,0
No,0
,0
No,0
No,0
,#NULL!
No,0
,#NULL!
Did not answer,0
,0
No,0
No,0
,#NULL!
No,0
Yes,0
Yes,0
Yes,0
,#NULL!
,#NULL!
,0
No,0
No,0
,#NULL!
No,0.00055
No,0.00012
No,0
,#NULL!
No,0
No,0
No,0
No,0
Yes,0
Yes,0.00013
No,0
No,0
No,0
Yes,#NULL!
Yes,0.00012
,0
,0
,#NULL!
,0
Yes,#NULL!
No,0.0003
No,0
,#NULL!
Yes,0
,#NULL!
No,0
,0
No,0
,0
,#NULL!
,#NULL!
,0
Yes,0.00053
,0
Yes,0
No,0
,0
,0
,0
,#NULL!
,0
,0
No,0
No,0
,0
,0
,0
No,0.0002
,0
No,0
Yes,0
,0
No,0
,0
No,0
No,0
,0
No,0
No,0
No,0
No,0
,0
,0
No,0
,0
,0
No,0
,#NULL!
No,0
,0
,0
,0
No,0
,0
,#NULL!
No,0
,#NULL!
,0
,0
No,0
Yes,0.00036
,#NULL!
No,0
No,0
No,0
,0
No,0
,0
,#NULL!
,#NULL!
No,#NULL!
No,0
No,0
No,0
No,0
,0
No,0
,0
No,0
No,0
,0
No,0
No,0
,0
No,0
No,0
,0
No,0
No,0
No,0
No,0
,0
No,0
,0
No,0
No,0
,#NULL!
No,0
No,0
,0
,#NULL!
,#NULL!
No,0
,#NULL!
,0
No,0
,#NULL!
,0
No,0.00082
No,0
,#NULL!
,#NULL!
,#NULL!
,#NULL!
,0
,#NULL!
,#NULL!
,0
,0
No,0
,#NULL!
No,0
,#NULL!
,0
,#NULL!
,0
,0
,#NULL!
,#NULL!
,#NULL!
No,0
,0
No,0
,0
No,0
No,#NULL!
,#NULL!
,#NULL!
No,0
No,0
,0
,#NULL!
No,0
No,0
No,0
No,#NULL!
No,0
No,0
,#NULL!
,0
Yes,0
No,0
No,0
,0
No,0
No,0
,#NULL!
,#NULL!
,#NULL!
,#NULL!
,0
No,0
,#NULL!
No,0
No,0
,#NULL!
,0
,0
Yes,#NULL!
,#NULL!
,0
,#NULL!
,#NULL!
Yes,0.001
,#NULL!
No,0
No,0
,#NULL!
,#NULL!
,#NULL!
,#NULL!
No,0
No,0
No,0
,#NULL!
,#NULL!
,0
,#NULL!
No,0
No,0.0005
No,#NULL!
,#NULL!
,#NULL!
,0
,0
,#NULL!
,#NULL!
No,0
,0
,0
No,0
No,0
No,0
No,0
No,#NULL!
,#NULL!
,0
Yes,0.00012
,#NULL!
,0
,#NULL!
No,0
,#NULL!
,0
,#NULL!
No,0
No,0
,#NULL!
,#NULL!
No,0
No,0
,#NULL!
,#NULL!
,#NULL!
,0
,#NULL!
No,0
Yes,0
No,0
No,0
,0
No,0
No,0.00025
No,0
No,#NULL!
,#NULL!
,0
No,0
Yes,0
,#NULL!
No,0
,#NULL!
No,0
No,0
,0
,0
Yes,0
,#NULL!
Yes,0
,#NULL!
,0
No,0
,#NULL!
No,0
,#NULL!
No,#NULL!
Yes,#NULL!
Yes,0.00036
No,0
,#NULL!
,#NULL!
,#NULL!
,0
,0
,0
No,0
,0
No,#NULL!
No,#NULL!
,#NULL!
,#NULL!
No,0
,0
No,#NULL!
,#NULL!
,#NULL!
No,0
,0
No,0
No,0
,0
No,0
,#NULL!
No,0
Yes,#NULL!
Yes,0.00199
No,0
No,0
No,0
No,0
,0
No,0
,0
No,0
No,0
No,0
,0
No,0
No,0
,0
No,0
Yes,0.00043
No,0
No,0
No,0
No,0
,0
No,0
No,0
No,0
Yes,0
No,0
,#NULL!
No,0
No,0
No,0
,#NULL!
,0
No,0
,#NULL!
Yes,0.00137
No,0
No,0
,#NULL!
,0.0003
,0
,#NULL!
,0.00032
,#NULL!
No,0
Yes,0
Yes,0.00055
,#NULL!
,0
,#NULL!
Yes,0
Yes,0
,#NULL!
Yes,0.00022
No,0
No,#NULL!
,#NULL!
Did not answer,0
Yes,0.00058
No,0
Yes,#NULL!
No,0
No,0
,0
,0
No,0
,#NULL!
No,0
No,0
,0
,#NULL!
,#NULL!
No,0
No,0
No,0
,0
,#NULL!
,0
,0.00026
No,0
,0
,0
,0
,0
No,0
No,0
,#NULL!
No,0
,#NULL!
,#NULL!
,0
,#NULL!
,#NULL!
,0
No,0.00045
No,0
,0
,0
,0
,0
,#NULL!
No,0
No,0
,0
,0
No,0
No,0
,0
,0
,0
No,0
,0
No,0
Yes,0
No,0
,0
,0
No,0
No,0.00053
,0
No,0
,0
No,0
Yes,0.00135
,0
No,0
No,0
No,0
No,0
Yes,0
No,0
Yes,0
No,0
Yes,0
Yes,0.00045
No,0
Yes,0
Yes,0
,#NULL!
No,0
,#NULL!
No,0
,0
No,0
,0
No,0
,0
,0
,#NULL!
No,0
,#NULL!
,0
No,0
,0
,#NULL!
,0
No,0
No,0
,0
,#NULL!
No,0
,#NULL!
No,0
,0
No,0
No,0
No,0
No,0
,0
No,0
No,0
No,0
,0
No,0
Yes,0
No,0
,0
,#NULL!
,0
No,0
Yes,0.00046
,0
Yes,0
Did not answer,0
No,0
No,0
No,0
No,0
No,0
Yes,0
No,0
Yes,0.00057
No,0
No,0
No,0
,#NULL!
No,0
,0
No,0
No,0
No,0
,0
,#NULL!
,#NULL!
Yes,0.00035
,#NULL!
,#NULL!
,#NULL!
,#NULL!
No,0
,#NULL!
No,0
,#NULL!
,#NULL!
,#NULL!
,0
,#NULL!
No,0
,0
,0
,#NULL!
No,0
,0
,0
,0
No,0
No,0
No,0
,#NULL!
,#NULL!
,0
No,0
,0
,0
No,0
,0
,0
,0
,0
,0
,0
,0
,0
,0
Yes,0.00048
,0
,0
No,0
No,0
No,0
No,0
No,0
,0
No,0
,0
No,0
No,0
No,0
No,0
,#NULL!
No,0
,0
,0.0002
,0.00049
,0
No,0
No,0
Yes,0
,0
Yes,0
,#NULL!
Yes,0.00031
No,0.00135
,#NULL!
No,0
,0
No,0
,0
No,0
,0
No,0
No,0
No,0
,0
,0
,0
,0
No,0
No,0
,0
No,0
No,0
,#NULL!
,0
,0
No,0
,0
,0
,0
No,0
Yes,0
,#NULL!
,0
Yes,0.0001
,0
No,0
No,0
Yes,0.00016
No,0
No,0
,0
No,0
Yes,0
,0
,#NULL!
No,0.00016
Yes,#NULL!
,0
,0
,0
,#NULL!
No,0
,#NULL!
,0
,#NULL!
,0
No,0
,0
,0
No,0
,0
No,0
,0
,0
,0
No,0
No,0
,0
,#NULL!
,0
,0
,#NULL!
,0
,0
,0
,#NULL!
,0
,0
,0
No,0
,0
No,0
,0
,0
Yes,0
,0
,0
No,0
No,0
No,0
,0
,0
No,0
,0
No,#NULL!
,#NULL!
No,0
,0
,#NULL!
No,0
,0
,#NULL!
,0
,0
Yes,#NULL!
No,0
,0
,#NULL!
,0
No,0
No,0
,#NULL!
,0
,#NULL!
,0
No,0
No,0
Yes,0.00013
No,0
No,0
,0
,#NULL!
No,#NULL!
,#NULL!
,#NULL!
No,0
No,0
No,#NULL!
No,0
No,0
,0
No,0
,0
,0
,0
Yes,0
Yes,0
,#NULL!
No,0
Yes,0
Yes,0.00013
,0
No,0
,#NULL!
No,0
,0
,#NULL!
No,0
No,0
,0
,#NULL!
,#NULL!
,0
,0
No,0
,0
,0
,0
No,0
,#NULL!
,#NULL!
,#NULL!
,0
No,0
No,0
,#NULL!
,0
,#NULL!
,0
,0
,0
No,0
No,0
,0
No,0
,#NULL!
,#NULL!
,0
No,0
No,0
No,0
,0
,0
No,0
No,0
,0
,#NULL!
,#NULL!
No,0
No,0
,#NULL!
,0
,#NULL!
Yes,0.00043
,0
,0
No,0
No,0
,0
No,#NULL!
No,0
No,0
,0
,0
Yes,0
Yes,0
Yes,0
,0
No,0
,#NULL!
,0.00019
,0
No,0
No,0
No,0
,0
,0
No,0
,0
No,0
No,0
,0
,0
No,0
No,0
No,0
No,0
Yes,0.00022
No,0
Yes,0
No,0
,0
No,0
,0
No,0
No,0
No,0
No,0.00029
No,0
No,0
No,0
No,#NULL!
No,0
No,0
,#NULL!
,0
No,0
,#NULL!
Yes,#NULL!
,0
,0
No,#NULL!
Yes,#NULL!
,#NULL!
Yes,#NULL!
,#NULL!
Yes,#NULL!
No,0
,0
,#NULL!
,#NULL!
No,0
,0
,0
,0
No,0
No,0
No,0
,#NULL!
No,0
Yes,0.00012
No,0
No,#NULL!
No,0
No,0
,0
No,0
,0
No,0
No,0
No,0
No,0
,#NULL!
,0
No,0
,0
No,0
No,0
,0
,#NULL!
,#NULL!
,#NULL!
No,0
No,0
Yes,0
,#NULL!
No,0
Yes,#NULL!
No,0
,0
,0
,0
,0
,#NULL!
,0
No,0
,0
No,0
No,0
No,0
No,0
No,0
,0
No,0
,0
No,0
No,0
,0
No,0
No,0
No,0
No,0
,0
No,0
,0
,#NULL!
,#NULL!
Yes,0
No,#NULL!
,0
,0
No,0
No,0
,0.00025
No,0
,#NULL!
,#NULL!
Yes,0
No,0
,0
No,0
No,0
No,#NULL!
No,0
No,0
No,0
,0
,0
No,0
No,0
,#NULL!
,0
Yes,0.00012
,0
,0
,0
,#NULL!
No,0
No,0
No,0
No,0
,#NULL!
,0
,0
No,0
,0
No,0
,0
No,0
Yes,0.0003
,#NULL!
Yes,0.00075
,0
,0
,0
,#NULL!
,0
No,0
No,0
No,0
,0
No,0
No,0
,#NULL!
,0
,0
,0
No,0
,#NULL!
No,0
,0
No,0
No,0
,#NULL!
No,0
,0
No,0
No,0
,#NULL!
,0
No,0
,0
,0.00024
No,0
No,0
,0
,#NULL!
No,0
,0
,0
No,0
Yes,0.00056
No,0
,0
No,0
Yes,0
No,0
Yes,0.00016
No,0
Yes,0.00012
No,0
,0
No,0
No,0
,#NULL!
Yes,0
No,0
No,0
No,0
No,0
No,0.00033
No,0
,0
,0
No,0
,#NULL!
No,0
No,0
No,0
,0
No,0
No,0
,#NULL!
No,0
No,#NULL!
No,0
No,0
Yes,#NULL!
No,0
Yes,0
No,0
No,0
,0.00025
Yes,0
,0
No,0
Yes,#NULL!
No,0
,0
No,0.00145
No,0
Yes,#NULL!
Yes,0
,0
No,0
No,0
,0
,0
No,0
No,0
,0
,0
,0
,0
No,0
No,0
No,0
,0
,#NULL!
No,0
Yes,0
,0
,#NULL!
Yes,0
,0
No,0
Yes,0
,0
No,0
No,0
No,0
,0
,0
,0
No,0
,0
,0
,0
No,0
,0
No,0.00048
No,0
,0
,0
,0
,#NULL!
,0
No,0
No,#NULL!
,0
No,0
No,0
,#NULL!
Yes,0
,0
No,0
,0
,#NULL!
,0
No,0
No,0
No,0
No,0
Yes,0.0005
No,0
No,0
No,0
No,0
,0
No,0
No,0
No,0
,0
No,0
,0
Yes,0
Yes,0
,0
Yes,0
No,0
,#NULL!
No,0
,0
Yes,0.00056
No,0
No,0
Yes,0.00098
No,0
,0
Yes,0.00013
,#NULL!
,0
,0
,#NULL!
Yes,0
No,0
,0
,0
,#NULL!
Yes,0.00029
,#NULL!
Yes,0
No,0
,#NULL!
,0
No,0
,0
No,0
No,0
No,0
Yes,#NULL!
Yes,0.00037
,0
No,0
No,0
No,0
No,0
No,0
,0
,0
,0
,0
,0
,#NULL!
,0
No,0
No,0
,0
No,0
No,0
Yes,0.00012
No,0
No,0
No,0
No,0
,0
Yes,0
No,0
,0
Yes,0
Yes,0
,0
,0
No,0
Yes,0.00058
,0
,0
No,0
No,0
No,0
,0
No,0
No,0
No,#NULL!
No,0
Yes,#NULL!
,0
No,0
No,0
,0
No,0
No,0
No,0
No,0
,#NULL!
,0
No,0
,#NULL!
No,0
No,0
,0
Yes,0.00121
,0
No,0
No,0
No,0
,0
No,0
,0
No,0
No,0
No,0
No,0
No,0
No,0
Yes,0
No,0
No,0
No,0
No,0
,#NULL!
Yes,0.0007
,0
No,0
No,0
No,0
,#NULL!
No,0
No,0
No,0
,0
,0
No,0
No,0
No,0
No,0
,0
No,0
No,0
No,0
No,0
No,0
,0
Yes,0.00064
No,0
No,0
Yes,0
No,0
No,#NULL!
No,0
No,0
No,0
No,0
No,0
No,0
No,0
No,0
Yes,0
No,0
No,0
No,0
No,0
Yes,0
No,0
Yes,0
No,0
No,0
No,0
,#NULL!
No,0
No,0
,0
,0
No,0
No,0
No,0
No,0
,0
,0
No,0
No,0
,0
No,0
No,0
No,0
,0
,0
Yes,0.00048
Yes,0
No,0
No,0
No,0
,0
No,0
,0
,0
No,0.00077
No,0
,0
No,0
No,0
No,0
No,0
No,0
,0
Yes,0.00048
No,0
No,0
No,0
,0
No,0
Yes,0.00162
,0
Yes,0
No,0
,0
No,0
,0
No,0
No,0
Yes,0
Yes,0.00015
Yes,0.00052
Yes,0
No,0
No,0
No,0
No,0
,0
No,0
No,0
No,0
No,0
No,0
No,0
No,0
No,0
No,0
No,0
No,0
Yes,0
No,0
No,0
No,0
Yes,0
Yes,0
No,0
,0
No,0
No,0
No,0
No,0
,0
No,0
,0
No,0
,0
,0
,0
,0
,0
No,0
No,0.00048
No,0.00047
,#NULL!
No,0
No,0
No,0
,#NULL!
,#NULL!
Yes,0.00032
No,0
No,0
Yes,0.00048
Yes,0
No,0
No,0
,0
,0
,0
,#NULL!
Yes,0.00053
No,0
,0
No,0
No,0
No,0
No,0
No,0
No,0
No,0
No,0
,0.0008
No,0
No,0
,0
No,0
No,0
Yes,0
Yes,0
No,0.00021
Yes,0.00018
,0
Yes,0.00038
Yes,0
,0
,0
,0.00033
,0
,#NULL!
,0
No,0
No,0
,#NULL!
No,#NULL!
No,0
,#NULL!
,#NULL!
,#NULL!
Yes,0.00019
,#NULL!
No,0
,0
,0
No,0
,0
,0
,#NULL!
No,0
,#NULL!
Yes,0.00018
No,0
No,0
,0
,#NULL!
No,0
,#NULL!
No,0
,#NULL!
,#NULL!
Yes,0
No,0
No,0
No,0
No,0
,0
No,0
,0
Yes,0
No,#NULL!
No,0
No,0
No,0
,0
,0
,0
,0
,0
No,#NULL!
No,0
,#NULL!
,0
No,0.00013
,0
No,0
,0
No,0
No,0
,#NULL!
,#NULL!
No,0
,0
,0
No,0
No,0
No,0
,0
No,0
,#NULL!
No,0
No,0
,#NULL!
Yes,#NULL!
No,0
,0
No,0
No,0
,#NULL!
No,0
,0
No,0
No,0
,0
No,0
No,0
No,0
No,0
No,0
,0
,0
Yes,0
,#NULL!
No,0
Yes,0
,0
No,0
,0
,#NULL!
,0
No,0
No,0
,0
No,0
No,0
Yes,0
No,0
No,0
No,0
No,0
,0
No,0
,0
,0
No,0
No,0
No,0
,#NULL!
No,0
No,0
No,0
,#NULL!
,0
No,0
,#NULL!
,0
Yes,0.00022
No,0
No,0
No,0
,0
No,0
No,0
,#NULL!
Yes,0.00016
No,0
No,0
,0
,#NULL!
No,0
Yes,0
,0
Yes,0
,0
No,0
No,0
No,0
No,0
,0
No,0
No,0
No,0
,0
,0
,0
No,0
No,0
No,0
No,0
Yes,0
,0
No,0
No,0
No,0
No,0
Yes,0.00012
No,0
Yes,0
No,0
,0
,0
Yes,0
No,0
No,0
No,0
,#NULL!
No,0
No,0
No,0
No,0
,0
No,0
No,0
No,0
No,0
,0
,#NULL!
,#NULL!
No,0
No,0
,0
,#NULL!
No,0
Yes,0
No,0
No,0
No,0
No,0
,#NULL!
,0
No,0
,#NULL!
Yes,0
,0
,0
Yes,0.00109
No,0
,0
No,0
No,0
,0
,0
No,0
,0
No,0
No,0
,0
No,0
No,0
,0
No,0
,0
No,0
No,0
No,0
No,0
Yes,0
,#NULL!
,0
,0
,0
No,0
,#NULL!
No,0
,#NULL!
No,0
,0
,0
No,0
No,0
No,0
Yes,0.00025
No,0
No,0
Yes,0
No,0
,0
No,0
Yes,0
,0
No,0
No,0
,#NULL!
No,#NULL!
,0
,#NULL!
No,0
No,0
No,0
No,0
No,0
No,0
No,0
,#NULL!
No,0
Yes,0
Yes,0.00028
,0
Yes,0.00012
No,0
No,0
No,0
No,0
No,0
No,0
No,0
Yes,0
No,0
No,0
,0
No,0
No,0
,#NULL!
,#NULL!
,0
,0
,#NULL!
,0
,0
No,0
No,0
No,0
,#NULL!
,0
,0
,#NULL!
,0
Yes,0
No,0
,#NULL!
,0
,0
,0
,0
No,0
No,0
,#NULL!
No,0
No,0
No,0
No,0
No,0
No,0
No,0
No,0
No,0
No,0
No,0
No,0
Yes,#NULL!
Yes,0.00121
Yes,0.00078
No,0
,0
No,0
No,0
No,0
No,0
No,0
,0
No,0
Yes,0
No,0
No,0
,0
,0
,#NULL!
No,0
,0
No,0
,0
No,0
No,0
No,0
,#NULL!
,0
Yes,0
No,0
,0
No,0
,#NULL!
,#NULL!
No,0
No,0
,0
Yes,0
,#NULL!
,0
,#NULL!
Yes,0.00086
,0
,#NULL!
No,0
No,0
,#NULL!
No,0
No,0
,0
No,0
No,0
Yes,0.00063
Yes,0
No,0
No,0
No,0
,0
No,0
No,0
,#NULL!
No,0
No,0
No,0
No,0
,#NULL!
,0
No,0
No,0
Yes,0
,#NULL!
,#NULL!
No,0
Yes,0.00075
,0
No,0
,0
,#NULL!
,0
No,0.00047
No,0
,0
,#NULL!
Yes,0.00089
,0
Did not answer,0
,0
,0
,0
,0
,0
,0
No,0
,0
No,0
No,0
,0
,0
,0
No,0
,0
,0
,0
,0
,0
,0
,0
No,0
,0
,0
,0
,0
,0
No,0
,0
